block,agegrp,sex,oud,healthcare utilization 6 month costs CTN 2016,Per cycle cost 2016,Adjust to 2019,,Standard deviation,Adjust to 2019
No_Treatment,10_14,Male,Active_Noninjection,"$5,958 ",$229.15 ,$242.90 ,,208,220.48
No_Treatment,10_14,Male,Active_Injection,"$8,731.00",$335.81 ,$355.96 ,,218,231.08
No_Treatment,10_14,Male,Nonactive_Noninjection,"$3,979.00",$153.04 ,$162.22 ,,189,200.34
No_Treatment,10_14,Male,Nonactive_Injection,"$6,380.00",$245.38 ,$260.11 ,,218,231.08
No_Treatment,10_14,Female,Active_Noninjection,"$5,958 ",$229.15 ,$242.90 ,,208,220.48
No_Treatment,10_14,Female,Active_Injection,"$8,731.00",$335.81 ,$355.96 ,,218,231.08
No_Treatment,10_14,Female,Nonactive_Noninjection,"$3,979.00",$153.04 ,$162.22 ,,189,200.34
No_Treatment,10_14,Female,Nonactive_Injection,"$6,380.00",$245.38 ,$260.11 ,,218,231.08
No_Treatment,15_19,Male,Active_Noninjection,"$5,958 ",$229.15 ,$242.90 ,,208,220.48
No_Treatment,15_19,Male,Active_Injection,"$8,731.00",$335.81 ,$355.96 ,,218,231.08
No_Treatment,15_19,Male,Nonactive_Noninjection,"$3,979.00",$153.04 ,$162.22 ,,189,200.34
No_Treatment,15_19,Male,Nonactive_Injection,"$6,380.00",$245.38 ,$260.11 ,,218,231.08
No_Treatment,15_19,Female,Active_Noninjection,"$5,958 ",$229.15 ,$242.90 ,,208,220.48
No_Treatment,15_19,Female,Active_Injection,"$8,731.00",$335.81 ,$355.96 ,,218,231.08
No_Treatment,15_19,Female,Nonactive_Noninjection,"$3,979.00",$153.04 ,$162.22 ,,189,200.34
No_Treatment,15_19,Female,Nonactive_Injection,"$6,380.00",$245.38 ,$260.11 ,,218,231.08
No_Treatment,20_24,Male,Active_Noninjection,"$5,958 ",$229.15 ,$242.90 ,,208,220.48
No_Treatment,20_24,Male,Active_Injection,"$8,731.00",$335.81 ,$355.96 ,,218,231.08
No_Treatment,20_24,Male,Nonactive_Noninjection,"$3,979.00",$153.04 ,$162.22 ,,189,200.34
No_Treatment,20_24,Male,Nonactive_Injection,"$6,380.00",$245.38 ,$260.11 ,,218,231.08
No_Treatment,20_24,Female,Active_Noninjection,"$5,958 ",$229.15 ,$242.90 ,,208,220.48
No_Treatment,20_24,Female,Active_Injection,"$8,731.00",$335.81 ,$355.96 ,,218,231.08
No_Treatment,20_24,Female,Nonactive_Noninjection,"$3,979.00",$153.04 ,$162.22 ,,189,200.34
No_Treatment,20_24,Female,Nonactive_Injection,"$6,380.00",$245.38 ,$260.11 ,,218,231.08
No_Treatment,25_29,Male,Active_Noninjection,"$8,829 ",$339.58 ,$359.95 ,,216,228.96
No_Treatment,25_29,Male,Active_Injection,"$12,174.00",$468.23 ,$496.32 ,,205,217.3
No_Treatment,25_29,Male,Nonactive_Noninjection,"$6,207.00",$238.73 ,$253.05 ,,198,209.88
No_Treatment,25_29,Male,Nonactive_Injection,"$9,174.00",$352.85 ,$374.02 ,,199,210.94
No_Treatment,25_29,Female,Active_Noninjection,"$8,829 ",$339.58 ,$359.95 ,,216,228.96
No_Treatment,25_29,Female,Active_Injection,"$12,174.00",$468.23 ,$496.32 ,,205,217.3
No_Treatment,25_29,Female,Nonactive_Noninjection,"$6,207.00",$238.73 ,$253.05 ,,198,209.88
No_Treatment,25_29,Female,Nonactive_Injection,"$9,174.00",$352.85 ,$374.02 ,,199,210.94
No_Treatment,30_34,Male,Active_Noninjection,"$8,829 ",$339.58 ,$359.95 ,,216,228.96
No_Treatment,30_34,Male,Active_Injection,"$12,174.00",$468.23 ,$496.32 ,,205,217.3
No_Treatment,30_34,Male,Nonactive_Noninjection,"$6,207.00",$238.73 ,$253.05 ,,198,209.88
No_Treatment,30_34,Male,Nonactive_Injection,"$9,174.00",$352.85 ,$374.02 ,,199,210.94
No_Treatment,30_34,Female,Active_Noninjection,"$8,829 ",$339.58 ,$359.95 ,,216,228.96
No_Treatment,30_34,Female,Active_Injection,"$12,174.00",$468.23 ,$496.32 ,,205,217.3
No_Treatment,30_34,Female,Nonactive_Noninjection,"$6,207.00",$238.73 ,$253.05 ,,198,209.88
No_Treatment,30_34,Female,Nonactive_Injection,"$9,174.00",$352.85 ,$374.02 ,,199,210.94
No_Treatment,35_39,Male,Active_Noninjection,"$8,829 ",$339.58 ,$359.95 ,,216,228.96
No_Treatment,35_39,Male,Active_Injection,"$12,174.00",$468.23 ,$496.32 ,,205,217.3
No_Treatment,35_39,Male,Nonactive_Noninjection,"$6,207.00",$238.73 ,$253.05 ,,198,209.88
No_Treatment,35_39,Male,Nonactive_Injection,"$9,174.00",$352.85 ,$374.02 ,,199,210.94
No_Treatment,35_39,Female,Active_Noninjection,"$8,829 ",$339.58 ,$359.95 ,,216,228.96
No_Treatment,35_39,Female,Active_Injection,"$12,174.00",$468.23 ,$496.32 ,,205,217.3
No_Treatment,35_39,Female,Nonactive_Noninjection,"$6,207.00",$238.73 ,$253.05 ,,198,209.88
No_Treatment,35_39,Female,Nonactive_Injection,"$9,174.00",$352.85 ,$374.02 ,,199,210.94
No_Treatment,40_44,Male,Active_Noninjection,"$8,829 ",$339.58 ,$359.95 ,,216,228.96
No_Treatment,40_44,Male,Active_Injection,"$12,174.00",$468.23 ,$496.32 ,,205,217.3
No_Treatment,40_44,Male,Nonactive_Noninjection,"$6,207.00",$238.73 ,$253.05 ,,198,209.88
No_Treatment,40_44,Male,Nonactive_Injection,"$9,174.00",$352.85 ,$374.02 ,,199,210.94
No_Treatment,40_44,Female,Active_Noninjection,"$8,829 ",$339.58 ,$359.95 ,,216,228.96
No_Treatment,40_44,Female,Active_Injection,"$12,174.00",$468.23 ,$496.32 ,,205,217.3
No_Treatment,40_44,Female,Nonactive_Noninjection,"$6,207.00",$238.73 ,$253.05 ,,198,209.88
No_Treatment,40_44,Female,Nonactive_Injection,"$9,174.00",$352.85 ,$374.02 ,,199,210.94
No_Treatment,45_49,Male,Active_Noninjection,"$7,393 ",$284.35 ,$301.41 ,,352,373.12
No_Treatment,45_49,Male,Active_Injection,"$10,363.00",$398.58 ,$422.49 ,,382,404.92
No_Treatment,45_49,Male,Nonactive_Noninjection,"$4,954.00",$190.54 ,$201.97 ,,233,246.98
No_Treatment,45_49,Male,Nonactive_Injection,"$7,522.00",$289.31 ,$306.67 ,,253,268.18
No_Treatment,45_49,Female,Active_Noninjection,"$7,393 ",$284.35 ,$301.41 ,,352,373.12
No_Treatment,45_49,Female,Active_Injection,"$10,363.00",$398.58 ,$422.49 ,,382,404.92
No_Treatment,45_49,Female,Nonactive_Noninjection,"$4,954.00",$190.54 ,$201.97 ,,233,246.98
No_Treatment,45_49,Female,Nonactive_Injection,"$7,522.00",$289.31 ,$306.67 ,,253,268.18
No_Treatment,50_54,Male,Active_Noninjection,"$7,393 ",$284.35 ,$301.41 ,,352,373.12
No_Treatment,50_54,Male,Active_Injection,"$10,363.00",$398.58 ,$422.49 ,,382,404.92
No_Treatment,50_54,Male,Nonactive_Noninjection,"$4,954.00",$190.54 ,$201.97 ,,233,246.98
No_Treatment,50_54,Male,Nonactive_Injection,"$7,522.00",$289.31 ,$306.67 ,,253,268.18
No_Treatment,50_54,Female,Active_Noninjection,"$7,393 ",$284.35 ,$301.41 ,,352,373.12
No_Treatment,50_54,Female,Active_Injection,"$10,363.00",$398.58 ,$422.49 ,,382,404.92
No_Treatment,50_54,Female,Nonactive_Noninjection,"$4,954.00",$190.54 ,$201.97 ,,233,246.98
No_Treatment,50_54,Female,Nonactive_Injection,"$7,522.00",$289.31 ,$306.67 ,,253,268.18
No_Treatment,55_59,Male,Active_Noninjection,"$7,393 ",$284.35 ,$301.41 ,,352,373.12
No_Treatment,55_59,Male,Active_Injection,"$10,363.00",$398.58 ,$422.49 ,,382,404.92
No_Treatment,55_59,Male,Nonactive_Noninjection,"$4,954.00",$190.54 ,$201.97 ,,233,246.98
No_Treatment,55_59,Male,Nonactive_Injection,"$7,522.00",$289.31 ,$306.67 ,,253,268.18
No_Treatment,55_59,Female,Active_Noninjection,"$7,393 ",$284.35 ,$301.41 ,,352,373.12
No_Treatment,55_59,Female,Active_Injection,"$10,363.00",$398.58 ,$422.49 ,,382,404.92
No_Treatment,55_59,Female,Nonactive_Noninjection,"$4,954.00",$190.54 ,$201.97 ,,233,246.98
No_Treatment,55_59,Female,Nonactive_Injection,"$7,522.00",$289.31 ,$306.67 ,,253,268.18
No_Treatment,60_64,Male,Active_Noninjection,"$7,393 ",$284.35 ,$301.41 ,,352,373.12
No_Treatment,60_64,Male,Active_Injection,"$10,363.00",$398.58 ,$422.49 ,,382,404.92
No_Treatment,60_64,Male,Nonactive_Noninjection,"$4,954.00",$190.54 ,$201.97 ,,233,246.98
No_Treatment,60_64,Male,Nonactive_Injection,"$7,522.00",$289.31 ,$306.67 ,,253,268.18
No_Treatment,60_64,Female,Active_Noninjection,"$7,393 ",$284.35 ,$301.41 ,,352,373.12
No_Treatment,60_64,Female,Active_Injection,"$10,363.00",$398.58 ,$422.49 ,,382,404.92
No_Treatment,60_64,Female,Nonactive_Noninjection,"$4,954.00",$190.54 ,$201.97 ,,233,246.98
No_Treatment,60_64,Female,Nonactive_Injection,"$7,522.00",$289.31 ,$306.67 ,,253,268.18
No_Treatment,65_69,Male,Active_Noninjection,"$7,393 ",$284.35 ,$301.41 ,,352,373.12
No_Treatment,65_69,Male,Active_Injection,"$10,363.00",$398.58 ,$422.49 ,,382,404.92
No_Treatment,65_69,Male,Nonactive_Noninjection,"$4,954.00",$190.54 ,$201.97 ,,233,246.98
No_Treatment,65_69,Male,Nonactive_Injection,"$7,522.00",$289.31 ,$306.67 ,,253,268.18
No_Treatment,65_69,Female,Active_Noninjection,"$7,393 ",$284.35 ,$301.41 ,,352,373.12
No_Treatment,65_69,Female,Active_Injection,"$10,363.00",$398.58 ,$422.49 ,,382,404.92
No_Treatment,65_69,Female,Nonactive_Noninjection,"$4,954.00",$190.54 ,$201.97 ,,233,246.98
No_Treatment,65_69,Female,Nonactive_Injection,"$7,522.00",$289.31 ,$306.67 ,,253,268.18
No_Treatment,70_74,Male,Active_Noninjection,"$7,393 ",$284.35 ,$301.41 ,,352,373.12
No_Treatment,70_74,Male,Active_Injection,"$10,363.00",$398.58 ,$422.49 ,,382,404.92
No_Treatment,70_74,Male,Nonactive_Noninjection,"$4,954.00",$190.54 ,$201.97 ,,233,246.98
No_Treatment,70_74,Male,Nonactive_Injection,"$7,522.00",$289.31 ,$306.67 ,,253,268.18
No_Treatment,70_74,Female,Active_Noninjection,"$7,393 ",$284.35 ,$301.41 ,,352,373.12
No_Treatment,70_74,Female,Active_Injection,"$10,363.00",$398.58 ,$422.49 ,,382,404.92
No_Treatment,70_74,Female,Nonactive_Noninjection,"$4,954.00",$190.54 ,$201.97 ,,233,246.98
No_Treatment,70_74,Female,Nonactive_Injection,"$7,522.00",$289.31 ,$306.67 ,,253,268.18
No_Treatment,75_79,Male,Active_Noninjection,"$7,393 ",$284.35 ,$301.41 ,,352,373.12
No_Treatment,75_79,Male,Active_Injection,"$10,363.00",$398.58 ,$422.49 ,,382,404.92
No_Treatment,75_79,Male,Nonactive_Noninjection,"$4,954.00",$190.54 ,$201.97 ,,233,246.98
No_Treatment,75_79,Male,Nonactive_Injection,"$7,522.00",$289.31 ,$306.67 ,,253,268.18
No_Treatment,75_79,Female,Active_Noninjection,"$7,393 ",$284.35 ,$301.41 ,,352,373.12
No_Treatment,75_79,Female,Active_Injection,"$10,363.00",$398.58 ,$422.49 ,,382,404.92
No_Treatment,75_79,Female,Nonactive_Noninjection,"$4,954.00",$190.54 ,$201.97 ,,233,246.98
No_Treatment,75_79,Female,Nonactive_Injection,"$7,522.00",$289.31 ,$306.67 ,,253,268.18
No_Treatment,80_84,Male,Active_Noninjection,"$7,393 ",$284.35 ,$301.41 ,,352,373.12
No_Treatment,80_84,Male,Active_Injection,"$10,363.00",$398.58 ,$422.49 ,,382,404.92
No_Treatment,80_84,Male,Nonactive_Noninjection,"$4,954.00",$190.54 ,$201.97 ,,233,246.98
No_Treatment,80_84,Male,Nonactive_Injection,"$7,522.00",$289.31 ,$306.67 ,,253,268.18
No_Treatment,80_84,Female,Active_Noninjection,"$7,393 ",$284.35 ,$301.41 ,,352,373.12
No_Treatment,80_84,Female,Active_Injection,"$10,363.00",$398.58 ,$422.49 ,,382,404.92
No_Treatment,80_84,Female,Nonactive_Noninjection,"$4,954.00",$190.54 ,$201.97 ,,233,246.98
No_Treatment,80_84,Female,Nonactive_Injection,"$7,522.00",$289.31 ,$306.67 ,,253,268.18
No_Treatment,85_89,Male,Active_Noninjection,"$7,393 ",$284.35 ,$301.41 ,,352,373.12
No_Treatment,85_89,Male,Active_Injection,"$10,363.00",$398.58 ,$422.49 ,,382,404.92
No_Treatment,85_89,Male,Nonactive_Noninjection,"$4,954.00",$190.54 ,$201.97 ,,233,246.98
No_Treatment,85_89,Male,Nonactive_Injection,"$7,522.00",$289.31 ,$306.67 ,,253,268.18
No_Treatment,85_89,Female,Active_Noninjection,"$7,393 ",$284.35 ,$301.41 ,,352,373.12
No_Treatment,85_89,Female,Active_Injection,"$10,363.00",$398.58 ,$422.49 ,,382,404.92
No_Treatment,85_89,Female,Nonactive_Noninjection,"$4,954.00",$190.54 ,$201.97 ,,233,246.98
No_Treatment,85_89,Female,Nonactive_Injection,"$7,522.00",$289.31 ,$306.67 ,,253,268.18
No_Treatment,90_94,Male,Active_Noninjection,"$7,393 ",$284.35 ,$301.41 ,,352,373.12
No_Treatment,90_94,Male,Active_Injection,"$10,363.00",$398.58 ,$422.49 ,,382,404.92
No_Treatment,90_94,Male,Nonactive_Noninjection,"$4,954.00",$190.54 ,$201.97 ,,233,246.98
No_Treatment,90_94,Male,Nonactive_Injection,"$7,522.00",$289.31 ,$306.67 ,,253,268.18
No_Treatment,90_94,Female,Active_Noninjection,"$7,393 ",$284.35 ,$301.41 ,,352,373.12
No_Treatment,90_94,Female,Active_Injection,"$10,363.00",$398.58 ,$422.49 ,,382,404.92
No_Treatment,90_94,Female,Nonactive_Noninjection,"$4,954.00",$190.54 ,$201.97 ,,233,246.98
No_Treatment,90_94,Female,Nonactive_Injection,"$7,522.00",$289.31 ,$306.67 ,,253,268.18
No_Treatment,95_99,Male,Active_Noninjection,"$7,393 ",$284.35 ,$301.41 ,,352,373.12
No_Treatment,95_99,Male,Active_Injection,"$10,363.00",$398.58 ,$422.49 ,,382,404.92
No_Treatment,95_99,Male,Nonactive_Noninjection,"$4,954.00",$190.54 ,$201.97 ,,233,246.98
No_Treatment,95_99,Male,Nonactive_Injection,"$7,522.00",$289.31 ,$306.67 ,,253,268.18
No_Treatment,95_99,Female,Active_Noninjection,"$7,393 ",$284.35 ,$301.41 ,,352,373.12
No_Treatment,95_99,Female,Active_Injection,"$10,363.00",$398.58 ,$422.49 ,,382,404.92
No_Treatment,95_99,Female,Nonactive_Noninjection,"$4,954.00",$190.54 ,$201.97 ,,233,246.98
No_Treatment,95_99,Female,Nonactive_Injection,"$7,522.00",$289.31 ,$306.67 ,,253,268.18
Buprenorphine,10_14,Male,Active_Noninjection,"$3,979 ",$153.04 ,$162.22 ,,162,171.72
Buprenorphine,10_14,Male,Active_Injection,"$6,291 ",$241.96 ,$256.48 ,,206,218.36
Buprenorphine,10_14,Male,Nonactive_Noninjection,"$2,579 ",$99.19 ,$105.14 ,,116,122.96
Buprenorphine,10_14,Male,Nonactive_Injection,"$4,587 ",$176.42 ,$187.01 ,,150,159
Buprenorphine,10_14,Female,Active_Noninjection,"$3,979 ",$153.04 ,$162.22 ,,162,171.72
Buprenorphine,10_14,Female,Active_Injection,"$6,291 ",$241.96 ,$256.48 ,,206,218.36
Buprenorphine,10_14,Female,Nonactive_Noninjection,"$2,579 ",$99.19 ,$105.14 ,,116,122.96
Buprenorphine,10_14,Female,Nonactive_Injection,"$4,587 ",$176.42 ,$187.01 ,,150,159
Buprenorphine,15_19,Male,Active_Noninjection,"$3,979 ",$153.04 ,$162.22 ,,162,171.72
Buprenorphine,15_19,Male,Active_Injection,"$6,291 ",$241.96 ,$256.48 ,,206,218.36
Buprenorphine,15_19,Male,Nonactive_Noninjection,"$2,579 ",$99.19 ,$105.14 ,,116,122.96
Buprenorphine,15_19,Male,Nonactive_Injection,"$4,587 ",$176.42 ,$187.01 ,,150,159
Buprenorphine,15_19,Female,Active_Noninjection,"$3,979 ",$153.04 ,$162.22 ,,162,171.72
Buprenorphine,15_19,Female,Active_Injection,"$6,291 ",$241.96 ,$256.48 ,,206,218.36
Buprenorphine,15_19,Female,Nonactive_Noninjection,"$2,579 ",$99.19 ,$105.14 ,,116,122.96
Buprenorphine,15_19,Female,Nonactive_Injection,"$4,587 ",$176.42 ,$187.01 ,,150,159
Buprenorphine,20_24,Male,Active_Noninjection,"$3,979 ",$153.04 ,$162.22 ,,162,171.72
Buprenorphine,20_24,Male,Active_Injection,"$6,291 ",$241.96 ,$256.48 ,,206,218.36
Buprenorphine,20_24,Male,Nonactive_Noninjection,"$2,579 ",$99.19 ,$105.14 ,,116,122.96
Buprenorphine,20_24,Male,Nonactive_Injection,"$4,587 ",$176.42 ,$187.01 ,,150,159
Buprenorphine,20_24,Female,Active_Noninjection,"$3,979 ",$153.04 ,$162.22 ,,162,171.72
Buprenorphine,20_24,Female,Active_Injection,"$6,291 ",$241.96 ,$256.48 ,,206,218.36
Buprenorphine,20_24,Female,Nonactive_Noninjection,"$2,579 ",$99.19 ,$105.14 ,,116,122.96
Buprenorphine,20_24,Female,Nonactive_Injection,"$4,587 ",$176.42 ,$187.01 ,,150,159
Buprenorphine,25_29,Male,Active_Noninjection,"$6,052 ",$232.77 ,$246.74 ,,178,188.68
Buprenorphine,25_29,Male,Active_Injection,"$8,853 ",$340.50 ,$360.93 ,,207,219.42
Buprenorphine,25_29,Male,Nonactive_Noninjection,"$4,125 ",$158.65 ,$168.17 ,,122,129.32
Buprenorphine,25_29,Male,Nonactive_Injection,"$6,599.00",$253.81 ,$269.04 ,,129,136.74
Buprenorphine,25_29,Female,Active_Noninjection,"$6,052 ",$232.77 ,$246.74 ,,178,188.68
Buprenorphine,25_29,Female,Active_Injection,"$8,853 ",$340.50 ,$360.93 ,,207,219.42
Buprenorphine,25_29,Female,Nonactive_Noninjection,"$4,125 ",$158.65 ,$168.17 ,,122,129.32
Buprenorphine,25_29,Female,Nonactive_Injection,"$6,599.00",$253.81 ,$269.04 ,,129,136.74
Buprenorphine,30_34,Male,Active_Noninjection,"$6,052 ",$232.77 ,$246.74 ,,178,188.68
Buprenorphine,30_34,Male,Active_Injection,"$8,853 ",$340.50 ,$360.93 ,,207,219.42
Buprenorphine,30_34,Male,Nonactive_Noninjection,"$4,125 ",$158.65 ,$168.17 ,,122,129.32
Buprenorphine,30_34,Male,Nonactive_Injection,"$6,599.00",$253.81 ,$269.04 ,,129,136.74
Buprenorphine,30_34,Female,Active_Noninjection,"$6,052 ",$232.77 ,$246.74 ,,178,188.68
Buprenorphine,30_34,Female,Active_Injection,"$8,853 ",$340.50 ,$360.93 ,,207,219.42
Buprenorphine,30_34,Female,Nonactive_Noninjection,"$4,125 ",$158.65 ,$168.17 ,,122,129.32
Buprenorphine,30_34,Female,Nonactive_Injection,"$6,599.00",$253.81 ,$269.04 ,,129,136.74
Buprenorphine,35_39,Male,Active_Noninjection,"$6,052 ",$232.77 ,$246.74 ,,178,188.68
Buprenorphine,35_39,Male,Active_Injection,"$8,853 ",$340.50 ,$360.93 ,,207,219.42
Buprenorphine,35_39,Male,Nonactive_Noninjection,"$4,125 ",$158.65 ,$168.17 ,,122,129.32
Buprenorphine,35_39,Male,Nonactive_Injection,"$6,599.00",$253.81 ,$269.04 ,,129,136.74
Buprenorphine,35_39,Female,Active_Noninjection,"$6,052 ",$232.77 ,$246.74 ,,178,188.68
Buprenorphine,35_39,Female,Active_Injection,"$8,853 ",$340.50 ,$360.93 ,,207,219.42
Buprenorphine,35_39,Female,Nonactive_Noninjection,"$4,125 ",$158.65 ,$168.17 ,,122,129.32
Buprenorphine,35_39,Female,Nonactive_Injection,"$6,599.00",$253.81 ,$269.04 ,,129,136.74
Buprenorphine,40_44,Male,Active_Noninjection,"$6,052 ",$232.77 ,$246.74 ,,178,188.68
Buprenorphine,40_44,Male,Active_Injection,"$8,853 ",$340.50 ,$360.93 ,,207,219.42
Buprenorphine,40_44,Male,Nonactive_Noninjection,"$4,125 ",$158.65 ,$168.17 ,,122,129.32
Buprenorphine,40_44,Male,Nonactive_Injection,"$6,599.00",$253.81 ,$269.04 ,,129,136.74
Buprenorphine,40_44,Female,Active_Noninjection,"$6,052 ",$232.77 ,$246.74 ,,178,188.68
Buprenorphine,40_44,Female,Active_Injection,"$8,853 ",$340.50 ,$360.93 ,,207,219.42
Buprenorphine,40_44,Female,Nonactive_Noninjection,"$4,125 ",$158.65 ,$168.17 ,,122,129.32
Buprenorphine,40_44,Female,Nonactive_Injection,"$6,599.00",$253.81 ,$269.04 ,,129,136.74
Buprenorphine,45_49,Male,Active_Noninjection,"$5,102 ",$196.23 ,$208.00 ,,269,285.14
Buprenorphine,45_49,Male,Active_Injection,"$7,654 ",$294.38 ,$312.05 ,,320,339.2
Buprenorphine,45_49,Male,Nonactive_Noninjection,"$3,285 ",$126.35 ,$133.93 ,,135,143.1
Buprenorphine,45_49,Male,Nonactive_Injection,"$5,498 ",$211.46 ,$224.15 ,,158,167.48
Buprenorphine,45_49,Female,Active_Noninjection,"$5,102 ",$196.23 ,$208.00 ,,269,285.14
Buprenorphine,45_49,Female,Active_Injection,"$7,654 ",$294.38 ,$312.05 ,,320,339.2
Buprenorphine,45_49,Female,Nonactive_Noninjection,"$3,285 ",$126.35 ,$133.93 ,,135,143.1
Buprenorphine,45_49,Female,Nonactive_Injection,"$5,498 ",$211.46 ,$224.15 ,,158,167.48
Buprenorphine,50_54,Male,Active_Noninjection,"$5,102 ",$196.23 ,$208.00 ,,269,285.14
Buprenorphine,50_54,Male,Active_Injection,"$7,654 ",$294.38 ,$312.05 ,,320,339.2
Buprenorphine,50_54,Male,Nonactive_Noninjection,"$3,285 ",$126.35 ,$133.93 ,,135,143.1
Buprenorphine,50_54,Male,Nonactive_Injection,"$5,498 ",$211.46 ,$224.15 ,,158,167.48
Buprenorphine,50_54,Female,Active_Noninjection,"$5,102 ",$196.23 ,$208.00 ,,269,285.14
Buprenorphine,50_54,Female,Active_Injection,"$7,654 ",$294.38 ,$312.05 ,,320,339.2
Buprenorphine,50_54,Female,Nonactive_Noninjection,"$3,285 ",$126.35 ,$133.93 ,,135,143.1
Buprenorphine,50_54,Female,Nonactive_Injection,"$5,498 ",$211.46 ,$224.15 ,,158,167.48
Buprenorphine,55_59,Male,Active_Noninjection,"$5,102 ",$196.23 ,$208.00 ,,269,285.14
Buprenorphine,55_59,Male,Active_Injection,"$7,654 ",$294.38 ,$312.05 ,,320,339.2
Buprenorphine,55_59,Male,Nonactive_Noninjection,"$3,285 ",$126.35 ,$133.93 ,,135,143.1
Buprenorphine,55_59,Male,Nonactive_Injection,"$5,498 ",$211.46 ,$224.15 ,,158,167.48
Buprenorphine,55_59,Female,Active_Noninjection,"$5,102 ",$196.23 ,$208.00 ,,269,285.14
Buprenorphine,55_59,Female,Active_Injection,"$7,654 ",$294.38 ,$312.05 ,,320,339.2
Buprenorphine,55_59,Female,Nonactive_Noninjection,"$3,285 ",$126.35 ,$133.93 ,,135,143.1
Buprenorphine,55_59,Female,Nonactive_Injection,"$5,498 ",$211.46 ,$224.15 ,,158,167.48
Buprenorphine,60_64,Male,Active_Noninjection,"$5,102 ",$196.23 ,$208.00 ,,269,285.14
Buprenorphine,60_64,Male,Active_Injection,"$7,654 ",$294.38 ,$312.05 ,,320,339.2
Buprenorphine,60_64,Male,Nonactive_Noninjection,"$3,285 ",$126.35 ,$133.93 ,,135,143.1
Buprenorphine,60_64,Male,Nonactive_Injection,"$5,498 ",$211.46 ,$224.15 ,,158,167.48
Buprenorphine,60_64,Female,Active_Noninjection,"$5,102 ",$196.23 ,$208.00 ,,269,285.14
Buprenorphine,60_64,Female,Active_Injection,"$7,654 ",$294.38 ,$312.05 ,,320,339.2
Buprenorphine,60_64,Female,Nonactive_Noninjection,"$3,285 ",$126.35 ,$133.93 ,,135,143.1
Buprenorphine,60_64,Female,Nonactive_Injection,"$5,498 ",$211.46 ,$224.15 ,,158,167.48
Buprenorphine,65_69,Male,Active_Noninjection,"$5,102 ",$196.23 ,$208.00 ,,269,285.14
Buprenorphine,65_69,Male,Active_Injection,"$7,654 ",$294.38 ,$312.05 ,,320,339.2
Buprenorphine,65_69,Male,Nonactive_Noninjection,"$3,285 ",$126.35 ,$133.93 ,,135,143.1
Buprenorphine,65_69,Male,Nonactive_Injection,"$5,498 ",$211.46 ,$224.15 ,,158,167.48
Buprenorphine,65_69,Female,Active_Noninjection,"$5,102 ",$196.23 ,$208.00 ,,269,285.14
Buprenorphine,65_69,Female,Active_Injection,"$7,654 ",$294.38 ,$312.05 ,,320,339.2
Buprenorphine,65_69,Female,Nonactive_Noninjection,"$3,285 ",$126.35 ,$133.93 ,,135,143.1
Buprenorphine,65_69,Female,Nonactive_Injection,"$5,498 ",$211.46 ,$224.15 ,,158,167.48
Buprenorphine,70_74,Male,Active_Noninjection,"$5,102 ",$196.23 ,$208.00 ,,269,285.14
Buprenorphine,70_74,Male,Active_Injection,"$7,654 ",$294.38 ,$312.05 ,,320,339.2
Buprenorphine,70_74,Male,Nonactive_Noninjection,"$3,285 ",$126.35 ,$133.93 ,,135,143.1
Buprenorphine,70_74,Male,Nonactive_Injection,"$5,498 ",$211.46 ,$224.15 ,,158,167.48
Buprenorphine,70_74,Female,Active_Noninjection,"$5,102 ",$196.23 ,$208.00 ,,269,285.14
Buprenorphine,70_74,Female,Active_Injection,"$7,654 ",$294.38 ,$312.05 ,,320,339.2
Buprenorphine,70_74,Female,Nonactive_Noninjection,"$3,285 ",$126.35 ,$133.93 ,,135,143.1
Buprenorphine,70_74,Female,Nonactive_Injection,"$5,498 ",$211.46 ,$224.15 ,,158,167.48
Buprenorphine,75_79,Male,Active_Noninjection,"$5,102 ",$196.23 ,$208.00 ,,269,285.14
Buprenorphine,75_79,Male,Active_Injection,"$7,654 ",$294.38 ,$312.05 ,,320,339.2
Buprenorphine,75_79,Male,Nonactive_Noninjection,"$3,285 ",$126.35 ,$133.93 ,,135,143.1
Buprenorphine,75_79,Male,Nonactive_Injection,"$5,498 ",$211.46 ,$224.15 ,,158,167.48
Buprenorphine,75_79,Female,Active_Noninjection,"$5,102 ",$196.23 ,$208.00 ,,269,285.14
Buprenorphine,75_79,Female,Active_Injection,"$7,654 ",$294.38 ,$312.05 ,,320,339.2
Buprenorphine,75_79,Female,Nonactive_Noninjection,"$3,285 ",$126.35 ,$133.93 ,,135,143.1
Buprenorphine,75_79,Female,Nonactive_Injection,"$5,498 ",$211.46 ,$224.15 ,,158,167.48
Buprenorphine,80_84,Male,Active_Noninjection,"$5,102 ",$196.23 ,$208.00 ,,269,285.14
Buprenorphine,80_84,Male,Active_Injection,"$7,654 ",$294.38 ,$312.05 ,,320,339.2
Buprenorphine,80_84,Male,Nonactive_Noninjection,"$3,285 ",$126.35 ,$133.93 ,,135,143.1
Buprenorphine,80_84,Male,Nonactive_Injection,"$5,498 ",$211.46 ,$224.15 ,,158,167.48
Buprenorphine,80_84,Female,Active_Noninjection,"$5,102 ",$196.23 ,$208.00 ,,269,285.14
Buprenorphine,80_84,Female,Active_Injection,"$7,654 ",$294.38 ,$312.05 ,,320,339.2
Buprenorphine,80_84,Female,Nonactive_Noninjection,"$3,285 ",$126.35 ,$133.93 ,,135,143.1
Buprenorphine,80_84,Female,Nonactive_Injection,"$5,498 ",$211.46 ,$224.15 ,,158,167.48
Buprenorphine,85_89,Male,Active_Noninjection,"$5,102 ",$196.23 ,$208.00 ,,269,285.14
Buprenorphine,85_89,Male,Active_Injection,"$7,654 ",$294.38 ,$312.05 ,,320,339.2
Buprenorphine,85_89,Male,Nonactive_Noninjection,"$3,285 ",$126.35 ,$133.93 ,,135,143.1
Buprenorphine,85_89,Male,Nonactive_Injection,"$5,498 ",$211.46 ,$224.15 ,,158,167.48
Buprenorphine,85_89,Female,Active_Noninjection,"$5,102 ",$196.23 ,$208.00 ,,269,285.14
Buprenorphine,85_89,Female,Active_Injection,"$7,654 ",$294.38 ,$312.05 ,,320,339.2
Buprenorphine,85_89,Female,Nonactive_Noninjection,"$3,285 ",$126.35 ,$133.93 ,,135,143.1
Buprenorphine,85_89,Female,Nonactive_Injection,"$5,498 ",$211.46 ,$224.15 ,,158,167.48
Buprenorphine,90_94,Male,Active_Noninjection,"$5,102 ",$196.23 ,$208.00 ,,269,285.14
Buprenorphine,90_94,Male,Active_Injection,"$7,654 ",$294.38 ,$312.05 ,,320,339.2
Buprenorphine,90_94,Male,Nonactive_Noninjection,"$3,285 ",$126.35 ,$133.93 ,,135,143.1
Buprenorphine,90_94,Male,Nonactive_Injection,"$5,498 ",$211.46 ,$224.15 ,,158,167.48
Buprenorphine,90_94,Female,Active_Noninjection,"$5,102 ",$196.23 ,$208.00 ,,269,285.14
Buprenorphine,90_94,Female,Active_Injection,"$7,654 ",$294.38 ,$312.05 ,,320,339.2
Buprenorphine,90_94,Female,Nonactive_Noninjection,"$3,285 ",$126.35 ,$133.93 ,,135,143.1
Buprenorphine,90_94,Female,Nonactive_Injection,"$5,498 ",$211.46 ,$224.15 ,,158,167.48
Buprenorphine,95_99,Male,Active_Noninjection,"$5,102 ",$196.23 ,$208.00 ,,269,285.14
Buprenorphine,95_99,Male,Active_Injection,"$7,654 ",$294.38 ,$312.05 ,,320,339.2
Buprenorphine,95_99,Male,Nonactive_Noninjection,"$3,285 ",$126.35 ,$133.93 ,,135,143.1
Buprenorphine,95_99,Male,Nonactive_Injection,"$5,498 ",$211.46 ,$224.15 ,,158,167.48
Buprenorphine,95_99,Female,Active_Noninjection,"$5,102 ",$196.23 ,$208.00 ,,269,285.14
Buprenorphine,95_99,Female,Active_Injection,"$7,654 ",$294.38 ,$312.05 ,,320,339.2
Buprenorphine,95_99,Female,Nonactive_Noninjection,"$3,285 ",$126.35 ,$133.93 ,,135,143.1
Buprenorphine,95_99,Female,Nonactive_Injection,"$5,498 ",$211.46 ,$224.15 ,,158,167.48
Naltrexone,10_14,Male,Active_Noninjection,"$5,439 ",$209.19 ,$221.74 ,,180,190.8
Naltrexone,10_14,Male,Active_Injection,"$7,929 ",$304.96 ,$323.26 ,,228,241.68
Naltrexone,10_14,Male,Nonactive_Noninjection,"$3,507 ",$134.88 ,$142.98 ,,115,121.9
Naltrexone,10_14,Male,Nonactive_Injection,"$5,631 ",$216.58 ,$229.57 ,,140,148.4
Naltrexone,10_14,Female,Active_Noninjection,"$5,439 ",$209.19 ,$221.74 ,,180,190.8
Naltrexone,10_14,Female,Active_Injection,"$7,929 ",$304.96 ,$323.26 ,,228,241.68
Naltrexone,10_14,Female,Nonactive_Noninjection,"$3,507 ",$134.88 ,$142.98 ,,115,121.9
Naltrexone,10_14,Female,Nonactive_Injection,"$5,631 ",$216.58 ,$229.57 ,,140,148.4
Naltrexone,15_19,Male,Active_Noninjection,"$5,439 ",$209.19 ,$221.74 ,,180,190.8
Naltrexone,15_19,Male,Active_Injection,"$7,929 ",$304.96 ,$323.26 ,,228,241.68
Naltrexone,15_19,Male,Nonactive_Noninjection,"$3,507 ",$134.88 ,$142.98 ,,115,121.9
Naltrexone,15_19,Male,Nonactive_Injection,"$5,631 ",$216.58 ,$229.57 ,,140,148.4
Naltrexone,15_19,Female,Active_Noninjection,"$5,439 ",$209.19 ,$221.74 ,,180,190.8
Naltrexone,15_19,Female,Active_Injection,"$7,929 ",$304.96 ,$323.26 ,,228,241.68
Naltrexone,15_19,Female,Nonactive_Noninjection,"$3,507 ",$134.88 ,$142.98 ,,115,121.9
Naltrexone,15_19,Female,Nonactive_Injection,"$5,631 ",$216.58 ,$229.57 ,,140,148.4
Naltrexone,20_24,Male,Active_Noninjection,"$5,439 ",$209.19 ,$221.74 ,,180,190.8
Naltrexone,20_24,Male,Active_Injection,"$7,929 ",$304.96 ,$323.26 ,,228,241.68
Naltrexone,20_24,Male,Nonactive_Noninjection,"$3,507 ",$134.88 ,$142.98 ,,115,121.9
Naltrexone,20_24,Male,Nonactive_Injection,"$5,631 ",$216.58 ,$229.57 ,,140,148.4
Naltrexone,20_24,Female,Active_Noninjection,"$5,439 ",$209.19 ,$221.74 ,,180,190.8
Naltrexone,20_24,Female,Active_Injection,"$7,929 ",$304.96 ,$323.26 ,,228,241.68
Naltrexone,20_24,Female,Nonactive_Noninjection,"$3,507 ",$134.88 ,$142.98 ,,115,121.9
Naltrexone,20_24,Female,Nonactive_Injection,"$5,631 ",$216.58 ,$229.57 ,,140,148.4
Naltrexone,25_29,Male,Active_Noninjection,"$8,218 ",$316.08 ,$335.04 ,,235,249.1
Naltrexone,25_29,Male,Active_Injection,"$11,282 ",$433.92 ,$459.96 ,,284,301.04
Naltrexone,25_29,Male,Nonactive_Noninjection,"$5,646 ",$217.15 ,$230.18 ,,149,157.94
Naltrexone,25_29,Male,Nonactive_Injection,"$8,338 ",$320.69 ,$339.93 ,,168,178.08
Naltrexone,25_29,Female,Active_Noninjection,"$8,218 ",$316.08 ,$335.04 ,,235,249.1
Naltrexone,25_29,Female,Active_Injection,"$11,282 ",$433.92 ,$459.96 ,,284,301.04
Naltrexone,25_29,Female,Nonactive_Noninjection,"$5,646 ",$217.15 ,$230.18 ,,149,157.94
Naltrexone,25_29,Female,Nonactive_Injection,"$8,338 ",$320.69 ,$339.93 ,,168,178.08
Naltrexone,30_34,Male,Active_Noninjection,"$8,218 ",$316.08 ,$335.04 ,,235,249.1
Naltrexone,30_34,Male,Active_Injection,"$11,282 ",$433.92 ,$459.96 ,,284,301.04
Naltrexone,30_34,Male,Nonactive_Noninjection,"$5,646 ",$217.15 ,$230.18 ,,149,157.94
Naltrexone,30_34,Male,Nonactive_Injection,"$8,338 ",$320.69 ,$339.93 ,,168,178.08
Naltrexone,30_34,Female,Active_Noninjection,"$8,218 ",$316.08 ,$335.04 ,,235,249.1
Naltrexone,30_34,Female,Active_Injection,"$11,282 ",$433.92 ,$459.96 ,,284,301.04
Naltrexone,30_34,Female,Nonactive_Noninjection,"$5,646 ",$217.15 ,$230.18 ,,149,157.94
Naltrexone,30_34,Female,Nonactive_Injection,"$8,338 ",$320.69 ,$339.93 ,,168,178.08
Naltrexone,35_39,Male,Active_Noninjection,"$8,218 ",$316.08 ,$335.04 ,,235,249.1
Naltrexone,35_39,Male,Active_Injection,"$11,282 ",$433.92 ,$459.96 ,,284,301.04
Naltrexone,35_39,Male,Nonactive_Noninjection,"$5,646 ",$217.15 ,$230.18 ,,149,157.94
Naltrexone,35_39,Male,Nonactive_Injection,"$8,338 ",$320.69 ,$339.93 ,,168,178.08
Naltrexone,35_39,Female,Active_Noninjection,"$8,218 ",$316.08 ,$335.04 ,,235,249.1
Naltrexone,35_39,Female,Active_Injection,"$11,282 ",$433.92 ,$459.96 ,,284,301.04
Naltrexone,35_39,Female,Nonactive_Noninjection,"$5,646 ",$217.15 ,$230.18 ,,149,157.94
Naltrexone,35_39,Female,Nonactive_Injection,"$8,338 ",$320.69 ,$339.93 ,,168,178.08
Naltrexone,40_44,Male,Active_Noninjection,"$8,218 ",$316.08 ,$335.04 ,,235,249.1
Naltrexone,40_44,Male,Active_Injection,"$11,282 ",$433.92 ,$459.96 ,,284,301.04
Naltrexone,40_44,Male,Nonactive_Noninjection,"$5,646 ",$217.15 ,$230.18 ,,149,157.94
Naltrexone,40_44,Male,Nonactive_Injection,"$8,338 ",$320.69 ,$339.93 ,,168,178.08
Naltrexone,40_44,Female,Active_Noninjection,"$8,218 ",$316.08 ,$335.04 ,,235,249.1
Naltrexone,40_44,Female,Active_Injection,"$11,282 ",$433.92 ,$459.96 ,,284,301.04
Naltrexone,40_44,Female,Nonactive_Noninjection,"$5,646 ",$217.15 ,$230.18 ,,149,157.94
Naltrexone,40_44,Female,Nonactive_Injection,"$8,338 ",$320.69 ,$339.93 ,,168,178.08
Naltrexone,45_49,Male,Active_Noninjection,"$6,901 ",$265.42 ,$281.35 ,,375,397.5
Naltrexone,45_49,Male,Active_Injection,"$9,597 ",$369.12 ,$391.26 ,,447,473.82
Naltrexone,45_49,Male,Nonactive_Noninjection,"$4,519 ",$173.81 ,$184.24 ,,219,232.14
Naltrexone,45_49,Male,Nonactive_Injection,"$6,814 ",$262.08 ,$277.80 ,,265,280.9
Naltrexone,45_49,Female,Active_Noninjection,"$6,901 ",$265.42 ,$281.35 ,,375,397.5
Naltrexone,45_49,Female,Active_Injection,"$9,597 ",$369.12 ,$391.26 ,,447,473.82
Naltrexone,45_49,Female,Nonactive_Noninjection,"$4,519 ",$173.81 ,$184.24 ,,219,232.14
Naltrexone,45_49,Female,Nonactive_Injection,"$6,814 ",$262.08 ,$277.80 ,,265,280.9
Naltrexone,50_54,Male,Active_Noninjection,"$6,901 ",$265.42 ,$281.35 ,,375,397.5
Naltrexone,50_54,Male,Active_Injection,"$9,597 ",$369.12 ,$391.26 ,,447,473.82
Naltrexone,50_54,Male,Nonactive_Noninjection,"$4,519 ",$173.81 ,$184.24 ,,219,232.14
Naltrexone,50_54,Male,Nonactive_Injection,"$6,814 ",$262.08 ,$277.80 ,,265,280.9
Naltrexone,50_54,Female,Active_Noninjection,"$6,901 ",$265.42 ,$281.35 ,,375,397.5
Naltrexone,50_54,Female,Active_Injection,"$9,597 ",$369.12 ,$391.26 ,,447,473.82
Naltrexone,50_54,Female,Nonactive_Noninjection,"$4,519 ",$173.81 ,$184.24 ,,219,232.14
Naltrexone,50_54,Female,Nonactive_Injection,"$6,814 ",$262.08 ,$277.80 ,,265,280.9
Naltrexone,55_59,Male,Active_Noninjection,"$6,901 ",$265.42 ,$281.35 ,,375,397.5
Naltrexone,55_59,Male,Active_Injection,"$9,597 ",$369.12 ,$391.26 ,,447,473.82
Naltrexone,55_59,Male,Nonactive_Noninjection,"$4,519 ",$173.81 ,$184.24 ,,219,232.14
Naltrexone,55_59,Male,Nonactive_Injection,"$6,814 ",$262.08 ,$277.80 ,,265,280.9
Naltrexone,55_59,Female,Active_Noninjection,"$6,901 ",$265.42 ,$281.35 ,,375,397.5
Naltrexone,55_59,Female,Active_Injection,"$9,597 ",$369.12 ,$391.26 ,,447,473.82
Naltrexone,55_59,Female,Nonactive_Noninjection,"$4,519 ",$173.81 ,$184.24 ,,219,232.14
Naltrexone,55_59,Female,Nonactive_Injection,"$6,814 ",$262.08 ,$277.80 ,,265,280.9
Naltrexone,60_64,Male,Active_Noninjection,"$6,901 ",$265.42 ,$281.35 ,,375,397.5
Naltrexone,60_64,Male,Active_Injection,"$9,597 ",$369.12 ,$391.26 ,,447,473.82
Naltrexone,60_64,Male,Nonactive_Noninjection,"$4,519 ",$173.81 ,$184.24 ,,219,232.14
Naltrexone,60_64,Male,Nonactive_Injection,"$6,814 ",$262.08 ,$277.80 ,,265,280.9
Naltrexone,60_64,Female,Active_Noninjection,"$6,901 ",$265.42 ,$281.35 ,,375,397.5
Naltrexone,60_64,Female,Active_Injection,"$9,597 ",$369.12 ,$391.26 ,,447,473.82
Naltrexone,60_64,Female,Nonactive_Noninjection,"$4,519 ",$173.81 ,$184.24 ,,219,232.14
Naltrexone,60_64,Female,Nonactive_Injection,"$6,814 ",$262.08 ,$277.80 ,,265,280.9
Naltrexone,65_69,Male,Active_Noninjection,"$6,901 ",$265.42 ,$281.35 ,,375,397.5
Naltrexone,65_69,Male,Active_Injection,"$9,597 ",$369.12 ,$391.26 ,,447,473.82
Naltrexone,65_69,Male,Nonactive_Noninjection,"$4,519 ",$173.81 ,$184.24 ,,219,232.14
Naltrexone,65_69,Male,Nonactive_Injection,"$6,814 ",$262.08 ,$277.80 ,,265,280.9
Naltrexone,65_69,Female,Active_Noninjection,"$6,901 ",$265.42 ,$281.35 ,,375,397.5
Naltrexone,65_69,Female,Active_Injection,"$9,597 ",$369.12 ,$391.26 ,,447,473.82
Naltrexone,65_69,Female,Nonactive_Noninjection,"$4,519 ",$173.81 ,$184.24 ,,219,232.14
Naltrexone,65_69,Female,Nonactive_Injection,"$6,814 ",$262.08 ,$277.80 ,,265,280.9
Naltrexone,70_74,Male,Active_Noninjection,"$6,901 ",$265.42 ,$281.35 ,,375,397.5
Naltrexone,70_74,Male,Active_Injection,"$9,597 ",$369.12 ,$391.26 ,,447,473.82
Naltrexone,70_74,Male,Nonactive_Noninjection,"$4,519 ",$173.81 ,$184.24 ,,219,232.14
Naltrexone,70_74,Male,Nonactive_Injection,"$6,814 ",$262.08 ,$277.80 ,,265,280.9
Naltrexone,70_74,Female,Active_Noninjection,"$6,901 ",$265.42 ,$281.35 ,,375,397.5
Naltrexone,70_74,Female,Active_Injection,"$9,597 ",$369.12 ,$391.26 ,,447,473.82
Naltrexone,70_74,Female,Nonactive_Noninjection,"$4,519 ",$173.81 ,$184.24 ,,219,232.14
Naltrexone,70_74,Female,Nonactive_Injection,"$6,814 ",$262.08 ,$277.80 ,,265,280.9
Naltrexone,75_79,Male,Active_Noninjection,"$6,901 ",$265.42 ,$281.35 ,,375,397.5
Naltrexone,75_79,Male,Active_Injection,"$9,597 ",$369.12 ,$391.26 ,,447,473.82
Naltrexone,75_79,Male,Nonactive_Noninjection,"$4,519 ",$173.81 ,$184.24 ,,219,232.14
Naltrexone,75_79,Male,Nonactive_Injection,"$6,814 ",$262.08 ,$277.80 ,,265,280.9
Naltrexone,75_79,Female,Active_Noninjection,"$6,901 ",$265.42 ,$281.35 ,,375,397.5
Naltrexone,75_79,Female,Active_Injection,"$9,597 ",$369.12 ,$391.26 ,,447,473.82
Naltrexone,75_79,Female,Nonactive_Noninjection,"$4,519 ",$173.81 ,$184.24 ,,219,232.14
Naltrexone,75_79,Female,Nonactive_Injection,"$6,814 ",$262.08 ,$277.80 ,,265,280.9
Naltrexone,80_84,Male,Active_Noninjection,"$6,901 ",$265.42 ,$281.35 ,,375,397.5
Naltrexone,80_84,Male,Active_Injection,"$9,597 ",$369.12 ,$391.26 ,,447,473.82
Naltrexone,80_84,Male,Nonactive_Noninjection,"$4,519 ",$173.81 ,$184.24 ,,219,232.14
Naltrexone,80_84,Male,Nonactive_Injection,"$6,814 ",$262.08 ,$277.80 ,,265,280.9
Naltrexone,80_84,Female,Active_Noninjection,"$6,901 ",$265.42 ,$281.35 ,,375,397.5
Naltrexone,80_84,Female,Active_Injection,"$9,597 ",$369.12 ,$391.26 ,,447,473.82
Naltrexone,80_84,Female,Nonactive_Noninjection,"$4,519 ",$173.81 ,$184.24 ,,219,232.14
Naltrexone,80_84,Female,Nonactive_Injection,"$6,814 ",$262.08 ,$277.80 ,,265,280.9
Naltrexone,85_89,Male,Active_Noninjection,"$6,901 ",$265.42 ,$281.35 ,,375,397.5
Naltrexone,85_89,Male,Active_Injection,"$9,597 ",$369.12 ,$391.26 ,,447,473.82
Naltrexone,85_89,Male,Nonactive_Noninjection,"$4,519 ",$173.81 ,$184.24 ,,219,232.14
Naltrexone,85_89,Male,Nonactive_Injection,"$6,814 ",$262.08 ,$277.80 ,,265,280.9
Naltrexone,85_89,Female,Active_Noninjection,"$6,901 ",$265.42 ,$281.35 ,,375,397.5
Naltrexone,85_89,Female,Active_Injection,"$9,597 ",$369.12 ,$391.26 ,,447,473.82
Naltrexone,85_89,Female,Nonactive_Noninjection,"$4,519 ",$173.81 ,$184.24 ,,219,232.14
Naltrexone,85_89,Female,Nonactive_Injection,"$6,814 ",$262.08 ,$277.80 ,,265,280.9
Naltrexone,90_94,Male,Active_Noninjection,"$6,901 ",$265.42 ,$281.35 ,,375,397.5
Naltrexone,90_94,Male,Active_Injection,"$9,597 ",$369.12 ,$391.26 ,,447,473.82
Naltrexone,90_94,Male,Nonactive_Noninjection,"$4,519 ",$173.81 ,$184.24 ,,219,232.14
Naltrexone,90_94,Male,Nonactive_Injection,"$6,814 ",$262.08 ,$277.80 ,,265,280.9
Naltrexone,90_94,Female,Active_Noninjection,"$6,901 ",$265.42 ,$281.35 ,,375,397.5
Naltrexone,90_94,Female,Active_Injection,"$9,597 ",$369.12 ,$391.26 ,,447,473.82
Naltrexone,90_94,Female,Nonactive_Noninjection,"$4,519 ",$173.81 ,$184.24 ,,219,232.14
Naltrexone,90_94,Female,Nonactive_Injection,"$6,814 ",$262.08 ,$277.80 ,,265,280.9
Naltrexone,95_99,Male,Active_Noninjection,"$6,901 ",$265.42 ,$281.35 ,,375,397.5
Naltrexone,95_99,Male,Active_Injection,"$9,597 ",$369.12 ,$391.26 ,,447,473.82
Naltrexone,95_99,Male,Nonactive_Noninjection,"$4,519 ",$173.81 ,$184.24 ,,219,232.14
Naltrexone,95_99,Male,Nonactive_Injection,"$6,814 ",$262.08 ,$277.80 ,,265,280.9
Naltrexone,95_99,Female,Active_Noninjection,"$6,901 ",$265.42 ,$281.35 ,,375,397.5
Naltrexone,95_99,Female,Active_Injection,"$9,597 ",$369.12 ,$391.26 ,,447,473.82
Naltrexone,95_99,Female,Nonactive_Noninjection,"$4,519 ",$173.81 ,$184.24 ,,219,232.14
Naltrexone,95_99,Female,Nonactive_Injection,"$6,814 ",$262.08 ,$277.80 ,,265,280.9
Methadone,10_14,Male,Active_Noninjection,,,$162.22 ,,,
Methadone,10_14,Male,Active_Injection,,,$256.48 ,,,
Methadone,10_14,Male,Nonactive_Noninjection,,,$105.14 ,,,
Methadone,10_14,Male,Nonactive_Injection,,,$187.01 ,,,
Methadone,10_14,Female,Active_Noninjection,,,$162.22 ,,,
Methadone,10_14,Female,Active_Injection,,,$256.48 ,,,
Methadone,10_14,Female,Nonactive_Noninjection,,,$105.14 ,,,
Methadone,10_14,Female,Nonactive_Injection,,,$187.01 ,,,
Methadone,15_19,Male,Active_Noninjection,,,$162.22 ,,,
Methadone,15_19,Male,Active_Injection,,,$256.48 ,,,
Methadone,15_19,Male,Nonactive_Noninjection,,,$105.14 ,,,
Methadone,15_19,Male,Nonactive_Injection,,,$187.01 ,,,
Methadone,15_19,Female,Active_Noninjection,,,$162.22 ,,,
Methadone,15_19,Female,Active_Injection,,,$256.48 ,,,
Methadone,15_19,Female,Nonactive_Noninjection,,,$105.14 ,,,
Methadone,15_19,Female,Nonactive_Injection,,,$187.01 ,,,
Methadone,20_24,Male,Active_Noninjection,,,$162.22 ,,,
Methadone,20_24,Male,Active_Injection,,,$256.48 ,,,
Methadone,20_24,Male,Nonactive_Noninjection,,,$105.14 ,,,
Methadone,20_24,Male,Nonactive_Injection,,,$187.01 ,,,
Methadone,20_24,Female,Active_Noninjection,,,$162.22 ,,,
Methadone,20_24,Female,Active_Injection,,,$256.48 ,,,
Methadone,20_24,Female,Nonactive_Noninjection,,,$105.14 ,,,
Methadone,20_24,Female,Nonactive_Injection,,,$187.01 ,,,
Methadone,25_29,Male,Active_Noninjection,,,$246.74 ,,,
Methadone,25_29,Male,Active_Injection,,,$360.93 ,,,
Methadone,25_29,Male,Nonactive_Noninjection,,,$168.17 ,,,
Methadone,25_29,Male,Nonactive_Injection,,,$269.04 ,,,
Methadone,25_29,Female,Active_Noninjection,,,$246.74 ,,,
Methadone,25_29,Female,Active_Injection,,,$360.93 ,,,
Methadone,25_29,Female,Nonactive_Noninjection,,,$168.17 ,,,
Methadone,25_29,Female,Nonactive_Injection,,,$269.04 ,,,
Methadone,30_34,Male,Active_Noninjection,,,$246.74 ,,,
Methadone,30_34,Male,Active_Injection,,,$360.93 ,,,
Methadone,30_34,Male,Nonactive_Noninjection,,,$168.17 ,,,
Methadone,30_34,Male,Nonactive_Injection,,,$269.04 ,,,
Methadone,30_34,Female,Active_Noninjection,,,$246.74 ,,,
Methadone,30_34,Female,Active_Injection,,,$360.93 ,,,
Methadone,30_34,Female,Nonactive_Noninjection,,,$168.17 ,,,
Methadone,30_34,Female,Nonactive_Injection,,,$269.04 ,,,
Methadone,35_39,Male,Active_Noninjection,,,$246.74 ,,,
Methadone,35_39,Male,Active_Injection,,,$360.93 ,,,
Methadone,35_39,Male,Nonactive_Noninjection,,,$168.17 ,,,
Methadone,35_39,Male,Nonactive_Injection,,,$269.04 ,,,
Methadone,35_39,Female,Active_Noninjection,,,$246.74 ,,,
Methadone,35_39,Female,Active_Injection,,,$360.93 ,,,
Methadone,35_39,Female,Nonactive_Noninjection,,,$168.17 ,,,
Methadone,35_39,Female,Nonactive_Injection,,,$269.04 ,,,
Methadone,40_44,Male,Active_Noninjection,,,$246.74 ,,,
Methadone,40_44,Male,Active_Injection,,,$360.93 ,,,
Methadone,40_44,Male,Nonactive_Noninjection,,,$168.17 ,,,
Methadone,40_44,Male,Nonactive_Injection,,,$269.04 ,,,
Methadone,40_44,Female,Active_Noninjection,,,$246.74 ,,,
Methadone,40_44,Female,Active_Injection,,,$360.93 ,,,
Methadone,40_44,Female,Nonactive_Noninjection,,,$168.17 ,,,
Methadone,40_44,Female,Nonactive_Injection,,,$269.04 ,,,
Methadone,45_49,Male,Active_Noninjection,,,$208.00 ,,,
Methadone,45_49,Male,Active_Injection,,,$312.05 ,,,
Methadone,45_49,Male,Nonactive_Noninjection,,,$133.93 ,,,
Methadone,45_49,Male,Nonactive_Injection,,,$224.15 ,,,
Methadone,45_49,Female,Active_Noninjection,,,$208.00 ,,,
Methadone,45_49,Female,Active_Injection,,,$312.05 ,,,
Methadone,45_49,Female,Nonactive_Noninjection,,,$133.93 ,,,
Methadone,45_49,Female,Nonactive_Injection,,,$224.15 ,,,
Methadone,50_54,Male,Active_Noninjection,,,$208.00 ,,,
Methadone,50_54,Male,Active_Injection,,,$312.05 ,,,
Methadone,50_54,Male,Nonactive_Noninjection,,,$133.93 ,,,
Methadone,50_54,Male,Nonactive_Injection,,,$224.15 ,,,
Methadone,50_54,Female,Active_Noninjection,,,$208.00 ,,,
Methadone,50_54,Female,Active_Injection,,,$312.05 ,,,
Methadone,50_54,Female,Nonactive_Noninjection,,,$133.93 ,,,
Methadone,50_54,Female,Nonactive_Injection,,,$224.15 ,,,
Methadone,55_59,Male,Active_Noninjection,,,$208.00 ,,,
Methadone,55_59,Male,Active_Injection,,,$312.05 ,,,
Methadone,55_59,Male,Nonactive_Noninjection,,,$133.93 ,,,
Methadone,55_59,Male,Nonactive_Injection,,,$224.15 ,,,
Methadone,55_59,Female,Active_Noninjection,,,$208.00 ,,,
Methadone,55_59,Female,Active_Injection,,,$312.05 ,,,
Methadone,55_59,Female,Nonactive_Noninjection,,,$133.93 ,,,
Methadone,55_59,Female,Nonactive_Injection,,,$224.15 ,,,
Methadone,60_64,Male,Active_Noninjection,,,$208.00 ,,,
Methadone,60_64,Male,Active_Injection,,,$312.05 ,,,
Methadone,60_64,Male,Nonactive_Noninjection,,,$133.93 ,,,
Methadone,60_64,Male,Nonactive_Injection,,,$224.15 ,,,
Methadone,60_64,Female,Active_Noninjection,,,$208.00 ,,,
Methadone,60_64,Female,Active_Injection,,,$312.05 ,,,
Methadone,60_64,Female,Nonactive_Noninjection,,,$133.93 ,,,
Methadone,60_64,Female,Nonactive_Injection,,,$224.15 ,,,
Methadone,65_69,Male,Active_Noninjection,,,$208.00 ,,,
Methadone,65_69,Male,Active_Injection,,,$312.05 ,,,
Methadone,65_69,Male,Nonactive_Noninjection,,,$133.93 ,,,
Methadone,65_69,Male,Nonactive_Injection,,,$224.15 ,,,
Methadone,65_69,Female,Active_Noninjection,,,$208.00 ,,,
Methadone,65_69,Female,Active_Injection,,,$312.05 ,,,
Methadone,65_69,Female,Nonactive_Noninjection,,,$133.93 ,,,
Methadone,65_69,Female,Nonactive_Injection,,,$224.15 ,,,
Methadone,70_74,Male,Active_Noninjection,,,$208.00 ,,,
Methadone,70_74,Male,Active_Injection,,,$312.05 ,,,
Methadone,70_74,Male,Nonactive_Noninjection,,,$133.93 ,,,
Methadone,70_74,Male,Nonactive_Injection,,,$224.15 ,,,
Methadone,70_74,Female,Active_Noninjection,,,$208.00 ,,,
Methadone,70_74,Female,Active_Injection,,,$312.05 ,,,
Methadone,70_74,Female,Nonactive_Noninjection,,,$133.93 ,,,
Methadone,70_74,Female,Nonactive_Injection,,,$224.15 ,,,
Methadone,75_79,Male,Active_Noninjection,,,$208.00 ,,,
Methadone,75_79,Male,Active_Injection,,,$312.05 ,,,
Methadone,75_79,Male,Nonactive_Noninjection,,,$133.93 ,,,
Methadone,75_79,Male,Nonactive_Injection,,,$224.15 ,,,
Methadone,75_79,Female,Active_Noninjection,,,$208.00 ,,,
Methadone,75_79,Female,Active_Injection,,,$312.05 ,,,
Methadone,75_79,Female,Nonactive_Noninjection,,,$133.93 ,,,
Methadone,75_79,Female,Nonactive_Injection,,,$224.15 ,,,
Methadone,80_84,Male,Active_Noninjection,,,$208.00 ,,,
Methadone,80_84,Male,Active_Injection,,,$312.05 ,,,
Methadone,80_84,Male,Nonactive_Noninjection,,,$133.93 ,,,
Methadone,80_84,Male,Nonactive_Injection,,,$224.15 ,,,
Methadone,80_84,Female,Active_Noninjection,,,$208.00 ,,,
Methadone,80_84,Female,Active_Injection,,,$312.05 ,,,
Methadone,80_84,Female,Nonactive_Noninjection,,,$133.93 ,,,
Methadone,80_84,Female,Nonactive_Injection,,,$224.15 ,,,
Methadone,85_89,Male,Active_Noninjection,,,$208.00 ,,,
Methadone,85_89,Male,Active_Injection,,,$312.05 ,,,
Methadone,85_89,Male,Nonactive_Noninjection,,,$133.93 ,,,
Methadone,85_89,Male,Nonactive_Injection,,,$224.15 ,,,
Methadone,85_89,Female,Active_Noninjection,,,$208.00 ,,,
Methadone,85_89,Female,Active_Injection,,,$312.05 ,,,
Methadone,85_89,Female,Nonactive_Noninjection,,,$133.93 ,,,
Methadone,85_89,Female,Nonactive_Injection,,,$224.15 ,,,
Methadone,90_94,Male,Active_Noninjection,,,$208.00 ,,,
Methadone,90_94,Male,Active_Injection,,,$312.05 ,,,
Methadone,90_94,Male,Nonactive_Noninjection,,,$133.93 ,,,
Methadone,90_94,Male,Nonactive_Injection,,,$224.15 ,,,
Methadone,90_94,Female,Active_Noninjection,,,$208.00 ,,,
Methadone,90_94,Female,Active_Injection,,,$312.05 ,,,
Methadone,90_94,Female,Nonactive_Noninjection,,,$133.93 ,,,
Methadone,90_94,Female,Nonactive_Injection,,,$224.15 ,,,
Methadone,95_99,Male,Active_Noninjection,,,$208.00 ,,,
Methadone,95_99,Male,Active_Injection,,,$312.05 ,,,
Methadone,95_99,Male,Nonactive_Noninjection,,,$133.93 ,,,
Methadone,95_99,Male,Nonactive_Injection,,,$224.15 ,,,
Methadone,95_99,Female,Active_Noninjection,,,$208.00 ,,,
Methadone,95_99,Female,Active_Injection,,,$312.05 ,,,
Methadone,95_99,Female,Nonactive_Noninjection,,,$133.93 ,,,
Methadone,95_99,Female,Nonactive_Injection,,,$224.15 ,,,
Detox,10_14,Male,Active_Noninjection,,,$0.00 ,,,
Detox,10_14,Male,Active_Injection,,,$0.00 ,,,
Detox,10_14,Male,Nonactive_Noninjection,,,$0.00 ,,,
Detox,10_14,Male,Nonactive_Injection,,,$0.00 ,,,
Detox,10_14,Female,Active_Noninjection,,,$0.00 ,,,
Detox,10_14,Female,Active_Injection,,,$0.00 ,,,
Detox,10_14,Female,Nonactive_Noninjection,,,$0.00 ,,,
Detox,10_14,Female,Nonactive_Injection,,,$0.00 ,,,
Detox,15_19,Male,Active_Noninjection,,,$0.00 ,,,
Detox,15_19,Male,Active_Injection,,,$0.00 ,,,
Detox,15_19,Male,Nonactive_Noninjection,,,$0.00 ,,,
Detox,15_19,Male,Nonactive_Injection,,,$0.00 ,,,
Detox,15_19,Female,Active_Noninjection,,,$0.00 ,,,
Detox,15_19,Female,Active_Injection,,,$0.00 ,,,
Detox,15_19,Female,Nonactive_Noninjection,,,$0.00 ,,,
Detox,15_19,Female,Nonactive_Injection,,,$0.00 ,,,
Detox,20_24,Male,Active_Noninjection,,,$0.00 ,,,
Detox,20_24,Male,Active_Injection,,,$0.00 ,,,
Detox,20_24,Male,Nonactive_Noninjection,,,$0.00 ,,,
Detox,20_24,Male,Nonactive_Injection,,,$0.00 ,,,
Detox,20_24,Female,Active_Noninjection,,,$0.00 ,,,
Detox,20_24,Female,Active_Injection,,,$0.00 ,,,
Detox,20_24,Female,Nonactive_Noninjection,,,$0.00 ,,,
Detox,20_24,Female,Nonactive_Injection,,,$0.00 ,,,
Detox,25_29,Male,Active_Noninjection,,,$0.00 ,,,
Detox,25_29,Male,Active_Injection,,,$0.00 ,,,
Detox,25_29,Male,Nonactive_Noninjection,,,$0.00 ,,,
Detox,25_29,Male,Nonactive_Injection,,,$0.00 ,,,
Detox,25_29,Female,Active_Noninjection,,,$0.00 ,,,
Detox,25_29,Female,Active_Injection,,,$0.00 ,,,
Detox,25_29,Female,Nonactive_Noninjection,,,$0.00 ,,,
Detox,25_29,Female,Nonactive_Injection,,,$0.00 ,,,
Detox,30_34,Male,Active_Noninjection,,,$0.00 ,,,
Detox,30_34,Male,Active_Injection,,,$0.00 ,,,
Detox,30_34,Male,Nonactive_Noninjection,,,$0.00 ,,,
Detox,30_34,Male,Nonactive_Injection,,,$0.00 ,,,
Detox,30_34,Female,Active_Noninjection,,,$0.00 ,,,
Detox,30_34,Female,Active_Injection,,,$0.00 ,,,
Detox,30_34,Female,Nonactive_Noninjection,,,$0.00 ,,,
Detox,30_34,Female,Nonactive_Injection,,,$0.00 ,,,
Detox,35_39,Male,Active_Noninjection,,,$0.00 ,,,
Detox,35_39,Male,Active_Injection,,,$0.00 ,,,
Detox,35_39,Male,Nonactive_Noninjection,,,$0.00 ,,,
Detox,35_39,Male,Nonactive_Injection,,,$0.00 ,,,
Detox,35_39,Female,Active_Noninjection,,,$0.00 ,,,
Detox,35_39,Female,Active_Injection,,,$0.00 ,,,
Detox,35_39,Female,Nonactive_Noninjection,,,$0.00 ,,,
Detox,35_39,Female,Nonactive_Injection,,,$0.00 ,,,
Detox,40_44,Male,Active_Noninjection,,,$0.00 ,,,
Detox,40_44,Male,Active_Injection,,,$0.00 ,,,
Detox,40_44,Male,Nonactive_Noninjection,,,$0.00 ,,,
Detox,40_44,Male,Nonactive_Injection,,,$0.00 ,,,
Detox,40_44,Female,Active_Noninjection,,,$0.00 ,,,
Detox,40_44,Female,Active_Injection,,,$0.00 ,,,
Detox,40_44,Female,Nonactive_Noninjection,,,$0.00 ,,,
Detox,40_44,Female,Nonactive_Injection,,,$0.00 ,,,
Detox,45_49,Male,Active_Noninjection,,,$0.00 ,,,
Detox,45_49,Male,Active_Injection,,,$0.00 ,,,
Detox,45_49,Male,Nonactive_Noninjection,,,$0.00 ,,,
Detox,45_49,Male,Nonactive_Injection,,,$0.00 ,,,
Detox,45_49,Female,Active_Noninjection,,,$0.00 ,,,
Detox,45_49,Female,Active_Injection,,,$0.00 ,,,
Detox,45_49,Female,Nonactive_Noninjection,,,$0.00 ,,,
Detox,45_49,Female,Nonactive_Injection,,,$0.00 ,,,
Detox,50_54,Male,Active_Noninjection,,,$0.00 ,,,
Detox,50_54,Male,Active_Injection,,,$0.00 ,,,
Detox,50_54,Male,Nonactive_Noninjection,,,$0.00 ,,,
Detox,50_54,Male,Nonactive_Injection,,,$0.00 ,,,
Detox,50_54,Female,Active_Noninjection,,,$0.00 ,,,
Detox,50_54,Female,Active_Injection,,,$0.00 ,,,
Detox,50_54,Female,Nonactive_Noninjection,,,$0.00 ,,,
Detox,50_54,Female,Nonactive_Injection,,,$0.00 ,,,
Detox,55_59,Male,Active_Noninjection,,,$0.00 ,,,
Detox,55_59,Male,Active_Injection,,,$0.00 ,,,
Detox,55_59,Male,Nonactive_Noninjection,,,$0.00 ,,,
Detox,55_59,Male,Nonactive_Injection,,,$0.00 ,,,
Detox,55_59,Female,Active_Noninjection,,,$0.00 ,,,
Detox,55_59,Female,Active_Injection,,,$0.00 ,,,
Detox,55_59,Female,Nonactive_Noninjection,,,$0.00 ,,,
Detox,55_59,Female,Nonactive_Injection,,,$0.00 ,,,
Detox,60_64,Male,Active_Noninjection,,,$0.00 ,,,
Detox,60_64,Male,Active_Injection,,,$0.00 ,,,
Detox,60_64,Male,Nonactive_Noninjection,,,$0.00 ,,,
Detox,60_64,Male,Nonactive_Injection,,,$0.00 ,,,
Detox,60_64,Female,Active_Noninjection,,,$0.00 ,,,
Detox,60_64,Female,Active_Injection,,,$0.00 ,,,
Detox,60_64,Female,Nonactive_Noninjection,,,$0.00 ,,,
Detox,60_64,Female,Nonactive_Injection,,,$0.00 ,,,
Detox,65_69,Male,Active_Noninjection,,,$0.00 ,,,
Detox,65_69,Male,Active_Injection,,,$0.00 ,,,
Detox,65_69,Male,Nonactive_Noninjection,,,$0.00 ,,,
Detox,65_69,Male,Nonactive_Injection,,,$0.00 ,,,
Detox,65_69,Female,Active_Noninjection,,,$0.00 ,,,
Detox,65_69,Female,Active_Injection,,,$0.00 ,,,
Detox,65_69,Female,Nonactive_Noninjection,,,$0.00 ,,,
Detox,65_69,Female,Nonactive_Injection,,,$0.00 ,,,
Detox,70_74,Male,Active_Noninjection,,,$0.00 ,,,
Detox,70_74,Male,Active_Injection,,,$0.00 ,,,
Detox,70_74,Male,Nonactive_Noninjection,,,$0.00 ,,,
Detox,70_74,Male,Nonactive_Injection,,,$0.00 ,,,
Detox,70_74,Female,Active_Noninjection,,,$0.00 ,,,
Detox,70_74,Female,Active_Injection,,,$0.00 ,,,
Detox,70_74,Female,Nonactive_Noninjection,,,$0.00 ,,,
Detox,70_74,Female,Nonactive_Injection,,,$0.00 ,,,
Detox,75_79,Male,Active_Noninjection,,,$0.00 ,,,
Detox,75_79,Male,Active_Injection,,,$0.00 ,,,
Detox,75_79,Male,Nonactive_Noninjection,,,$0.00 ,,,
Detox,75_79,Male,Nonactive_Injection,,,$0.00 ,,,
Detox,75_79,Female,Active_Noninjection,,,$0.00 ,,,
Detox,75_79,Female,Active_Injection,,,$0.00 ,,,
Detox,75_79,Female,Nonactive_Noninjection,,,$0.00 ,,,
Detox,75_79,Female,Nonactive_Injection,,,$0.00 ,,,
Detox,80_84,Male,Active_Noninjection,,,$0.00 ,,,
Detox,80_84,Male,Active_Injection,,,$0.00 ,,,
Detox,80_84,Male,Nonactive_Noninjection,,,$0.00 ,,,
Detox,80_84,Male,Nonactive_Injection,,,$0.00 ,,,
Detox,80_84,Female,Active_Noninjection,,,$0.00 ,,,
Detox,80_84,Female,Active_Injection,,,$0.00 ,,,
Detox,80_84,Female,Nonactive_Noninjection,,,$0.00 ,,,
Detox,80_84,Female,Nonactive_Injection,,,$0.00 ,,,
Detox,85_89,Male,Active_Noninjection,,,$0.00 ,,,
Detox,85_89,Male,Active_Injection,,,$0.00 ,,,
Detox,85_89,Male,Nonactive_Noninjection,,,$0.00 ,,,
Detox,85_89,Male,Nonactive_Injection,,,$0.00 ,,,
Detox,85_89,Female,Active_Noninjection,,,$0.00 ,,,
Detox,85_89,Female,Active_Injection,,,$0.00 ,,,
Detox,85_89,Female,Nonactive_Noninjection,,,$0.00 ,,,
Detox,85_89,Female,Nonactive_Injection,,,$0.00 ,,,
Detox,90_94,Male,Active_Noninjection,,,$0.00 ,,,
Detox,90_94,Male,Active_Injection,,,$0.00 ,,,
Detox,90_94,Male,Nonactive_Noninjection,,,$0.00 ,,,
Detox,90_94,Male,Nonactive_Injection,,,$0.00 ,,,
Detox,90_94,Female,Active_Noninjection,,,$0.00 ,,,
Detox,90_94,Female,Active_Injection,,,$0.00 ,,,
Detox,90_94,Female,Nonactive_Noninjection,,,$0.00 ,,,
Detox,90_94,Female,Nonactive_Injection,,,$0.00 ,,,
Detox,95_99,Male,Active_Noninjection,,,$0.00 ,,,
Detox,95_99,Male,Active_Injection,,,$0.00 ,,,
Detox,95_99,Male,Nonactive_Noninjection,,,$0.00 ,,,
Detox,95_99,Male,Nonactive_Injection,,,$0.00 ,,,
Detox,95_99,Female,Active_Noninjection,,,$0.00 ,,,
Detox,95_99,Female,Active_Injection,,,$0.00 ,,,
Detox,95_99,Female,Nonactive_Noninjection,,,$0.00 ,,,
Detox,95_99,Female,Nonactive_Injection,,,$0.00 ,,,
Post-Buprenorphine,10_14,Male,Active_Noninjection,"$5,958 ",$229.15 ,$242.90 ,,,
Post-Buprenorphine,10_14,Male,Active_Injection,"$8,731.00",$335.81 ,$355.96 ,,,
Post-Buprenorphine,10_14,Male,Nonactive_Noninjection,"$3,979.00",$153.04 ,$162.22 ,,,
Post-Buprenorphine,10_14,Male,Nonactive_Injection,"$6,380.00",$245.38 ,$260.11 ,,,
Post-Buprenorphine,10_14,Female,Active_Noninjection,"$5,958 ",$229.15 ,$242.90 ,,,
Post-Buprenorphine,10_14,Female,Active_Injection,"$8,731.00",$335.81 ,$355.96 ,,,
Post-Buprenorphine,10_14,Female,Nonactive_Noninjection,"$3,979.00",$153.04 ,$162.22 ,,,
Post-Buprenorphine,10_14,Female,Nonactive_Injection,"$6,380.00",$245.38 ,$260.11 ,,,
Post-Buprenorphine,15_19,Male,Active_Noninjection,"$5,958 ",$229.15 ,$242.90 ,,,
Post-Buprenorphine,15_19,Male,Active_Injection,"$8,731.00",$335.81 ,$355.96 ,,,
Post-Buprenorphine,15_19,Male,Nonactive_Noninjection,"$3,979.00",$153.04 ,$162.22 ,,,
Post-Buprenorphine,15_19,Male,Nonactive_Injection,"$6,380.00",$245.38 ,$260.11 ,,,
Post-Buprenorphine,15_19,Female,Active_Noninjection,"$5,958 ",$229.15 ,$242.90 ,,,
Post-Buprenorphine,15_19,Female,Active_Injection,"$8,731.00",$335.81 ,$355.96 ,,,
Post-Buprenorphine,15_19,Female,Nonactive_Noninjection,"$3,979.00",$153.04 ,$162.22 ,,,
Post-Buprenorphine,15_19,Female,Nonactive_Injection,"$6,380.00",$245.38 ,$260.11 ,,,
Post-Buprenorphine,20_24,Male,Active_Noninjection,"$5,958 ",$229.15 ,$242.90 ,,,
Post-Buprenorphine,20_24,Male,Active_Injection,"$8,731.00",$335.81 ,$355.96 ,,,
Post-Buprenorphine,20_24,Male,Nonactive_Noninjection,"$3,979.00",$153.04 ,$162.22 ,,,
Post-Buprenorphine,20_24,Male,Nonactive_Injection,"$6,380.00",$245.38 ,$260.11 ,,,
Post-Buprenorphine,20_24,Female,Active_Noninjection,"$5,958 ",$229.15 ,$242.90 ,,,
Post-Buprenorphine,20_24,Female,Active_Injection,"$8,731.00",$335.81 ,$355.96 ,,,
Post-Buprenorphine,20_24,Female,Nonactive_Noninjection,"$3,979.00",$153.04 ,$162.22 ,,,
Post-Buprenorphine,20_24,Female,Nonactive_Injection,"$6,380.00",$245.38 ,$260.11 ,,,
Post-Buprenorphine,25_29,Male,Active_Noninjection,"$8,829 ",$339.58 ,$359.95 ,,,
Post-Buprenorphine,25_29,Male,Active_Injection,"$12,174.00",$468.23 ,$496.32 ,,,
Post-Buprenorphine,25_29,Male,Nonactive_Noninjection,"$6,207.00",$238.73 ,$253.05 ,,,
Post-Buprenorphine,25_29,Male,Nonactive_Injection,"$9,174.00",$352.85 ,$374.02 ,,,
Post-Buprenorphine,25_29,Female,Active_Noninjection,"$8,829 ",$339.58 ,$359.95 ,,,
Post-Buprenorphine,25_29,Female,Active_Injection,"$12,174.00",$468.23 ,$496.32 ,,,
Post-Buprenorphine,25_29,Female,Nonactive_Noninjection,"$6,207.00",$238.73 ,$253.05 ,,,
Post-Buprenorphine,25_29,Female,Nonactive_Injection,"$9,174.00",$352.85 ,$374.02 ,,,
Post-Buprenorphine,30_34,Male,Active_Noninjection,"$8,829 ",$339.58 ,$359.95 ,,,
Post-Buprenorphine,30_34,Male,Active_Injection,"$12,174.00",$468.23 ,$496.32 ,,,
Post-Buprenorphine,30_34,Male,Nonactive_Noninjection,"$6,207.00",$238.73 ,$253.05 ,,,
Post-Buprenorphine,30_34,Male,Nonactive_Injection,"$9,174.00",$352.85 ,$374.02 ,,,
Post-Buprenorphine,30_34,Female,Active_Noninjection,"$8,829 ",$339.58 ,$359.95 ,,,
Post-Buprenorphine,30_34,Female,Active_Injection,"$12,174.00",$468.23 ,$496.32 ,,,
Post-Buprenorphine,30_34,Female,Nonactive_Noninjection,"$6,207.00",$238.73 ,$253.05 ,,,
Post-Buprenorphine,30_34,Female,Nonactive_Injection,"$9,174.00",$352.85 ,$374.02 ,,,
Post-Buprenorphine,35_39,Male,Active_Noninjection,"$8,829 ",$339.58 ,$359.95 ,,,
Post-Buprenorphine,35_39,Male,Active_Injection,"$12,174.00",$468.23 ,$496.32 ,,,
Post-Buprenorphine,35_39,Male,Nonactive_Noninjection,"$6,207.00",$238.73 ,$253.05 ,,,
Post-Buprenorphine,35_39,Male,Nonactive_Injection,"$9,174.00",$352.85 ,$374.02 ,,,
Post-Buprenorphine,35_39,Female,Active_Noninjection,"$8,829 ",$339.58 ,$359.95 ,,,
Post-Buprenorphine,35_39,Female,Active_Injection,"$12,174.00",$468.23 ,$496.32 ,,,
Post-Buprenorphine,35_39,Female,Nonactive_Noninjection,"$6,207.00",$238.73 ,$253.05 ,,,
Post-Buprenorphine,35_39,Female,Nonactive_Injection,"$9,174.00",$352.85 ,$374.02 ,,,
Post-Buprenorphine,40_44,Male,Active_Noninjection,"$8,829 ",$339.58 ,$359.95 ,,,
Post-Buprenorphine,40_44,Male,Active_Injection,"$12,174.00",$468.23 ,$496.32 ,,,
Post-Buprenorphine,40_44,Male,Nonactive_Noninjection,"$6,207.00",$238.73 ,$253.05 ,,,
Post-Buprenorphine,40_44,Male,Nonactive_Injection,"$9,174.00",$352.85 ,$374.02 ,,,
Post-Buprenorphine,40_44,Female,Active_Noninjection,"$8,829 ",$339.58 ,$359.95 ,,,
Post-Buprenorphine,40_44,Female,Active_Injection,"$12,174.00",$468.23 ,$496.32 ,,,
Post-Buprenorphine,40_44,Female,Nonactive_Noninjection,"$6,207.00",$238.73 ,$253.05 ,,,
Post-Buprenorphine,40_44,Female,Nonactive_Injection,"$9,174.00",$352.85 ,$374.02 ,,,
Post-Buprenorphine,45_49,Male,Active_Noninjection,"$7,393 ",$284.35 ,$301.41 ,,,
Post-Buprenorphine,45_49,Male,Active_Injection,"$10,363.00",$398.58 ,$422.49 ,,,
Post-Buprenorphine,45_49,Male,Nonactive_Noninjection,"$4,954.00",$190.54 ,$201.97 ,,,
Post-Buprenorphine,45_49,Male,Nonactive_Injection,"$7,522.00",$289.31 ,$306.67 ,,,
Post-Buprenorphine,45_49,Female,Active_Noninjection,"$7,393 ",$284.35 ,$301.41 ,,,
Post-Buprenorphine,45_49,Female,Active_Injection,"$10,363.00",$398.58 ,$422.49 ,,,
Post-Buprenorphine,45_49,Female,Nonactive_Noninjection,"$4,954.00",$190.54 ,$201.97 ,,,
Post-Buprenorphine,45_49,Female,Nonactive_Injection,"$7,522.00",$289.31 ,$306.67 ,,,
Post-Buprenorphine,50_54,Male,Active_Noninjection,"$7,393 ",$284.35 ,$301.41 ,,,
Post-Buprenorphine,50_54,Male,Active_Injection,"$10,363.00",$398.58 ,$422.49 ,,,
Post-Buprenorphine,50_54,Male,Nonactive_Noninjection,"$4,954.00",$190.54 ,$201.97 ,,,
Post-Buprenorphine,50_54,Male,Nonactive_Injection,"$7,522.00",$289.31 ,$306.67 ,,,
Post-Buprenorphine,50_54,Female,Active_Noninjection,"$7,393 ",$284.35 ,$301.41 ,,,
Post-Buprenorphine,50_54,Female,Active_Injection,"$10,363.00",$398.58 ,$422.49 ,,,
Post-Buprenorphine,50_54,Female,Nonactive_Noninjection,"$4,954.00",$190.54 ,$201.97 ,,,
Post-Buprenorphine,50_54,Female,Nonactive_Injection,"$7,522.00",$289.31 ,$306.67 ,,,
Post-Buprenorphine,55_59,Male,Active_Noninjection,"$7,393 ",$284.35 ,$301.41 ,,,
Post-Buprenorphine,55_59,Male,Active_Injection,"$10,363.00",$398.58 ,$422.49 ,,,
Post-Buprenorphine,55_59,Male,Nonactive_Noninjection,"$4,954.00",$190.54 ,$201.97 ,,,
Post-Buprenorphine,55_59,Male,Nonactive_Injection,"$7,522.00",$289.31 ,$306.67 ,,,
Post-Buprenorphine,55_59,Female,Active_Noninjection,"$7,393 ",$284.35 ,$301.41 ,,,
Post-Buprenorphine,55_59,Female,Active_Injection,"$10,363.00",$398.58 ,$422.49 ,,,
Post-Buprenorphine,55_59,Female,Nonactive_Noninjection,"$4,954.00",$190.54 ,$201.97 ,,,
Post-Buprenorphine,55_59,Female,Nonactive_Injection,"$7,522.00",$289.31 ,$306.67 ,,,
Post-Buprenorphine,60_64,Male,Active_Noninjection,"$7,393 ",$284.35 ,$301.41 ,,,
Post-Buprenorphine,60_64,Male,Active_Injection,"$10,363.00",$398.58 ,$422.49 ,,,
Post-Buprenorphine,60_64,Male,Nonactive_Noninjection,"$4,954.00",$190.54 ,$201.97 ,,,
Post-Buprenorphine,60_64,Male,Nonactive_Injection,"$7,522.00",$289.31 ,$306.67 ,,,
Post-Buprenorphine,60_64,Female,Active_Noninjection,"$7,393 ",$284.35 ,$301.41 ,,,
Post-Buprenorphine,60_64,Female,Active_Injection,"$10,363.00",$398.58 ,$422.49 ,,,
Post-Buprenorphine,60_64,Female,Nonactive_Noninjection,"$4,954.00",$190.54 ,$201.97 ,,,
Post-Buprenorphine,60_64,Female,Nonactive_Injection,"$7,522.00",$289.31 ,$306.67 ,,,
Post-Buprenorphine,65_69,Male,Active_Noninjection,"$7,393 ",$284.35 ,$301.41 ,,,
Post-Buprenorphine,65_69,Male,Active_Injection,"$10,363.00",$398.58 ,$422.49 ,,,
Post-Buprenorphine,65_69,Male,Nonactive_Noninjection,"$4,954.00",$190.54 ,$201.97 ,,,
Post-Buprenorphine,65_69,Male,Nonactive_Injection,"$7,522.00",$289.31 ,$306.67 ,,,
Post-Buprenorphine,65_69,Female,Active_Noninjection,"$7,393 ",$284.35 ,$301.41 ,,,
Post-Buprenorphine,65_69,Female,Active_Injection,"$10,363.00",$398.58 ,$422.49 ,,,
Post-Buprenorphine,65_69,Female,Nonactive_Noninjection,"$4,954.00",$190.54 ,$201.97 ,,,
Post-Buprenorphine,65_69,Female,Nonactive_Injection,"$7,522.00",$289.31 ,$306.67 ,,,
Post-Buprenorphine,70_74,Male,Active_Noninjection,"$7,393 ",$284.35 ,$301.41 ,,,
Post-Buprenorphine,70_74,Male,Active_Injection,"$10,363.00",$398.58 ,$422.49 ,,,
Post-Buprenorphine,70_74,Male,Nonactive_Noninjection,"$4,954.00",$190.54 ,$201.97 ,,,
Post-Buprenorphine,70_74,Male,Nonactive_Injection,"$7,522.00",$289.31 ,$306.67 ,,,
Post-Buprenorphine,70_74,Female,Active_Noninjection,"$7,393 ",$284.35 ,$301.41 ,,,
Post-Buprenorphine,70_74,Female,Active_Injection,"$10,363.00",$398.58 ,$422.49 ,,,
Post-Buprenorphine,70_74,Female,Nonactive_Noninjection,"$4,954.00",$190.54 ,$201.97 ,,,
Post-Buprenorphine,70_74,Female,Nonactive_Injection,"$7,522.00",$289.31 ,$306.67 ,,,
Post-Buprenorphine,75_79,Male,Active_Noninjection,"$7,393 ",$284.35 ,$301.41 ,,,
Post-Buprenorphine,75_79,Male,Active_Injection,"$10,363.00",$398.58 ,$422.49 ,,,
Post-Buprenorphine,75_79,Male,Nonactive_Noninjection,"$4,954.00",$190.54 ,$201.97 ,,,
Post-Buprenorphine,75_79,Male,Nonactive_Injection,"$7,522.00",$289.31 ,$306.67 ,,,
Post-Buprenorphine,75_79,Female,Active_Noninjection,"$7,393 ",$284.35 ,$301.41 ,,,
Post-Buprenorphine,75_79,Female,Active_Injection,"$10,363.00",$398.58 ,$422.49 ,,,
Post-Buprenorphine,75_79,Female,Nonactive_Noninjection,"$4,954.00",$190.54 ,$201.97 ,,,
Post-Buprenorphine,75_79,Female,Nonactive_Injection,"$7,522.00",$289.31 ,$306.67 ,,,
Post-Buprenorphine,80_84,Male,Active_Noninjection,"$7,393 ",$284.35 ,$301.41 ,,,
Post-Buprenorphine,80_84,Male,Active_Injection,"$10,363.00",$398.58 ,$422.49 ,,,
Post-Buprenorphine,80_84,Male,Nonactive_Noninjection,"$4,954.00",$190.54 ,$201.97 ,,,
Post-Buprenorphine,80_84,Male,Nonactive_Injection,"$7,522.00",$289.31 ,$306.67 ,,,
Post-Buprenorphine,80_84,Female,Active_Noninjection,"$7,393 ",$284.35 ,$301.41 ,,,
Post-Buprenorphine,80_84,Female,Active_Injection,"$10,363.00",$398.58 ,$422.49 ,,,
Post-Buprenorphine,80_84,Female,Nonactive_Noninjection,"$4,954.00",$190.54 ,$201.97 ,,,
Post-Buprenorphine,80_84,Female,Nonactive_Injection,"$7,522.00",$289.31 ,$306.67 ,,,
Post-Buprenorphine,85_89,Male,Active_Noninjection,"$7,393 ",$284.35 ,$301.41 ,,,
Post-Buprenorphine,85_89,Male,Active_Injection,"$10,363.00",$398.58 ,$422.49 ,,,
Post-Buprenorphine,85_89,Male,Nonactive_Noninjection,"$4,954.00",$190.54 ,$201.97 ,,,
Post-Buprenorphine,85_89,Male,Nonactive_Injection,"$7,522.00",$289.31 ,$306.67 ,,,
Post-Buprenorphine,85_89,Female,Active_Noninjection,"$7,393 ",$284.35 ,$301.41 ,,,
Post-Buprenorphine,85_89,Female,Active_Injection,"$10,363.00",$398.58 ,$422.49 ,,,
Post-Buprenorphine,85_89,Female,Nonactive_Noninjection,"$4,954.00",$190.54 ,$201.97 ,,,
Post-Buprenorphine,85_89,Female,Nonactive_Injection,"$7,522.00",$289.31 ,$306.67 ,,,
Post-Buprenorphine,90_94,Male,Active_Noninjection,"$7,393 ",$284.35 ,$301.41 ,,,
Post-Buprenorphine,90_94,Male,Active_Injection,"$10,363.00",$398.58 ,$422.49 ,,,
Post-Buprenorphine,90_94,Male,Nonactive_Noninjection,"$4,954.00",$190.54 ,$201.97 ,,,
Post-Buprenorphine,90_94,Male,Nonactive_Injection,"$7,522.00",$289.31 ,$306.67 ,,,
Post-Buprenorphine,90_94,Female,Active_Noninjection,"$7,393 ",$284.35 ,$301.41 ,,,
Post-Buprenorphine,90_94,Female,Active_Injection,"$10,363.00",$398.58 ,$422.49 ,,,
Post-Buprenorphine,90_94,Female,Nonactive_Noninjection,"$4,954.00",$190.54 ,$201.97 ,,,
Post-Buprenorphine,90_94,Female,Nonactive_Injection,"$7,522.00",$289.31 ,$306.67 ,,,
Post-Buprenorphine,95_99,Male,Active_Noninjection,"$7,393 ",$284.35 ,$301.41 ,,,
Post-Buprenorphine,95_99,Male,Active_Injection,"$10,363.00",$398.58 ,$422.49 ,,,
Post-Buprenorphine,95_99,Male,Nonactive_Noninjection,"$4,954.00",$190.54 ,$201.97 ,,,
Post-Buprenorphine,95_99,Male,Nonactive_Injection,"$7,522.00",$289.31 ,$306.67 ,,,
Post-Buprenorphine,95_99,Female,Active_Noninjection,"$7,393 ",$284.35 ,$301.41 ,,,
Post-Buprenorphine,95_99,Female,Active_Injection,"$10,363.00",$398.58 ,$422.49 ,,,
Post-Buprenorphine,95_99,Female,Nonactive_Noninjection,"$4,954.00",$190.54 ,$201.97 ,,,
Post-Buprenorphine,95_99,Female,Nonactive_Injection,"$7,522.00",$289.31 ,$306.67 ,,,
Post-Naltrexone,10_14,Male,Active_Noninjection,"$5,958 ",$229.15 ,$242.90 ,,,
Post-Naltrexone,10_14,Male,Active_Injection,"$8,731.00",$335.81 ,$355.96 ,,,
Post-Naltrexone,10_14,Male,Nonactive_Noninjection,"$3,979.00",$153.04 ,$162.22 ,,,
Post-Naltrexone,10_14,Male,Nonactive_Injection,"$6,380.00",$245.38 ,$260.11 ,,,
Post-Naltrexone,10_14,Female,Active_Noninjection,"$5,958 ",$229.15 ,$242.90 ,,,
Post-Naltrexone,10_14,Female,Active_Injection,"$8,731.00",$335.81 ,$355.96 ,,,
Post-Naltrexone,10_14,Female,Nonactive_Noninjection,"$3,979.00",$153.04 ,$162.22 ,,,
Post-Naltrexone,10_14,Female,Nonactive_Injection,"$6,380.00",$245.38 ,$260.11 ,,,
Post-Naltrexone,15_19,Male,Active_Noninjection,"$5,958 ",$229.15 ,$242.90 ,,,
Post-Naltrexone,15_19,Male,Active_Injection,"$8,731.00",$335.81 ,$355.96 ,,,
Post-Naltrexone,15_19,Male,Nonactive_Noninjection,"$3,979.00",$153.04 ,$162.22 ,,,
Post-Naltrexone,15_19,Male,Nonactive_Injection,"$6,380.00",$245.38 ,$260.11 ,,,
Post-Naltrexone,15_19,Female,Active_Noninjection,"$5,958 ",$229.15 ,$242.90 ,,,
Post-Naltrexone,15_19,Female,Active_Injection,"$8,731.00",$335.81 ,$355.96 ,,,
Post-Naltrexone,15_19,Female,Nonactive_Noninjection,"$3,979.00",$153.04 ,$162.22 ,,,
Post-Naltrexone,15_19,Female,Nonactive_Injection,"$6,380.00",$245.38 ,$260.11 ,,,
Post-Naltrexone,20_24,Male,Active_Noninjection,"$5,958 ",$229.15 ,$242.90 ,,,
Post-Naltrexone,20_24,Male,Active_Injection,"$8,731.00",$335.81 ,$355.96 ,,,
Post-Naltrexone,20_24,Male,Nonactive_Noninjection,"$3,979.00",$153.04 ,$162.22 ,,,
Post-Naltrexone,20_24,Male,Nonactive_Injection,"$6,380.00",$245.38 ,$260.11 ,,,
Post-Naltrexone,20_24,Female,Active_Noninjection,"$5,958 ",$229.15 ,$242.90 ,,,
Post-Naltrexone,20_24,Female,Active_Injection,"$8,731.00",$335.81 ,$355.96 ,,,
Post-Naltrexone,20_24,Female,Nonactive_Noninjection,"$3,979.00",$153.04 ,$162.22 ,,,
Post-Naltrexone,20_24,Female,Nonactive_Injection,"$6,380.00",$245.38 ,$260.11 ,,,
Post-Naltrexone,25_29,Male,Active_Noninjection,"$8,829 ",$339.58 ,$359.95 ,,,
Post-Naltrexone,25_29,Male,Active_Injection,"$12,174.00",$468.23 ,$496.32 ,,,
Post-Naltrexone,25_29,Male,Nonactive_Noninjection,"$6,207.00",$238.73 ,$253.05 ,,,
Post-Naltrexone,25_29,Male,Nonactive_Injection,"$9,174.00",$352.85 ,$374.02 ,,,
Post-Naltrexone,25_29,Female,Active_Noninjection,"$8,829 ",$339.58 ,$359.95 ,,,
Post-Naltrexone,25_29,Female,Active_Injection,"$12,174.00",$468.23 ,$496.32 ,,,
Post-Naltrexone,25_29,Female,Nonactive_Noninjection,"$6,207.00",$238.73 ,$253.05 ,,,
Post-Naltrexone,25_29,Female,Nonactive_Injection,"$9,174.00",$352.85 ,$374.02 ,,,
Post-Naltrexone,30_34,Male,Active_Noninjection,"$8,829 ",$339.58 ,$359.95 ,,,
Post-Naltrexone,30_34,Male,Active_Injection,"$12,174.00",$468.23 ,$496.32 ,,,
Post-Naltrexone,30_34,Male,Nonactive_Noninjection,"$6,207.00",$238.73 ,$253.05 ,,,
Post-Naltrexone,30_34,Male,Nonactive_Injection,"$9,174.00",$352.85 ,$374.02 ,,,
Post-Naltrexone,30_34,Female,Active_Noninjection,"$8,829 ",$339.58 ,$359.95 ,,,
Post-Naltrexone,30_34,Female,Active_Injection,"$12,174.00",$468.23 ,$496.32 ,,,
Post-Naltrexone,30_34,Female,Nonactive_Noninjection,"$6,207.00",$238.73 ,$253.05 ,,,
Post-Naltrexone,30_34,Female,Nonactive_Injection,"$9,174.00",$352.85 ,$374.02 ,,,
Post-Naltrexone,35_39,Male,Active_Noninjection,"$8,829 ",$339.58 ,$359.95 ,,,
Post-Naltrexone,35_39,Male,Active_Injection,"$12,174.00",$468.23 ,$496.32 ,,,
Post-Naltrexone,35_39,Male,Nonactive_Noninjection,"$6,207.00",$238.73 ,$253.05 ,,,
Post-Naltrexone,35_39,Male,Nonactive_Injection,"$9,174.00",$352.85 ,$374.02 ,,,
Post-Naltrexone,35_39,Female,Active_Noninjection,"$8,829 ",$339.58 ,$359.95 ,,,
Post-Naltrexone,35_39,Female,Active_Injection,"$12,174.00",$468.23 ,$496.32 ,,,
Post-Naltrexone,35_39,Female,Nonactive_Noninjection,"$6,207.00",$238.73 ,$253.05 ,,,
Post-Naltrexone,35_39,Female,Nonactive_Injection,"$9,174.00",$352.85 ,$374.02 ,,,
Post-Naltrexone,40_44,Male,Active_Noninjection,"$8,829 ",$339.58 ,$359.95 ,,,
Post-Naltrexone,40_44,Male,Active_Injection,"$12,174.00",$468.23 ,$496.32 ,,,
Post-Naltrexone,40_44,Male,Nonactive_Noninjection,"$6,207.00",$238.73 ,$253.05 ,,,
Post-Naltrexone,40_44,Male,Nonactive_Injection,"$9,174.00",$352.85 ,$374.02 ,,,
Post-Naltrexone,40_44,Female,Active_Noninjection,"$8,829 ",$339.58 ,$359.95 ,,,
Post-Naltrexone,40_44,Female,Active_Injection,"$12,174.00",$468.23 ,$496.32 ,,,
Post-Naltrexone,40_44,Female,Nonactive_Noninjection,"$6,207.00",$238.73 ,$253.05 ,,,
Post-Naltrexone,40_44,Female,Nonactive_Injection,"$9,174.00",$352.85 ,$374.02 ,,,
Post-Naltrexone,45_49,Male,Active_Noninjection,"$7,393 ",$284.35 ,$301.41 ,,,
Post-Naltrexone,45_49,Male,Active_Injection,"$10,363.00",$398.58 ,$422.49 ,,,
Post-Naltrexone,45_49,Male,Nonactive_Noninjection,"$4,954.00",$190.54 ,$201.97 ,,,
Post-Naltrexone,45_49,Male,Nonactive_Injection,"$7,522.00",$289.31 ,$306.67 ,,,
Post-Naltrexone,45_49,Female,Active_Noninjection,"$7,393 ",$284.35 ,$301.41 ,,,
Post-Naltrexone,45_49,Female,Active_Injection,"$10,363.00",$398.58 ,$422.49 ,,,
Post-Naltrexone,45_49,Female,Nonactive_Noninjection,"$4,954.00",$190.54 ,$201.97 ,,,
Post-Naltrexone,45_49,Female,Nonactive_Injection,"$7,522.00",$289.31 ,$306.67 ,,,
Post-Naltrexone,50_54,Male,Active_Noninjection,"$7,393 ",$284.35 ,$301.41 ,,,
Post-Naltrexone,50_54,Male,Active_Injection,"$10,363.00",$398.58 ,$422.49 ,,,
Post-Naltrexone,50_54,Male,Nonactive_Noninjection,"$4,954.00",$190.54 ,$201.97 ,,,
Post-Naltrexone,50_54,Male,Nonactive_Injection,"$7,522.00",$289.31 ,$306.67 ,,,
Post-Naltrexone,50_54,Female,Active_Noninjection,"$7,393 ",$284.35 ,$301.41 ,,,
Post-Naltrexone,50_54,Female,Active_Injection,"$10,363.00",$398.58 ,$422.49 ,,,
Post-Naltrexone,50_54,Female,Nonactive_Noninjection,"$4,954.00",$190.54 ,$201.97 ,,,
Post-Naltrexone,50_54,Female,Nonactive_Injection,"$7,522.00",$289.31 ,$306.67 ,,,
Post-Naltrexone,55_59,Male,Active_Noninjection,"$7,393 ",$284.35 ,$301.41 ,,,
Post-Naltrexone,55_59,Male,Active_Injection,"$10,363.00",$398.58 ,$422.49 ,,,
Post-Naltrexone,55_59,Male,Nonactive_Noninjection,"$4,954.00",$190.54 ,$201.97 ,,,
Post-Naltrexone,55_59,Male,Nonactive_Injection,"$7,522.00",$289.31 ,$306.67 ,,,
Post-Naltrexone,55_59,Female,Active_Noninjection,"$7,393 ",$284.35 ,$301.41 ,,,
Post-Naltrexone,55_59,Female,Active_Injection,"$10,363.00",$398.58 ,$422.49 ,,,
Post-Naltrexone,55_59,Female,Nonactive_Noninjection,"$4,954.00",$190.54 ,$201.97 ,,,
Post-Naltrexone,55_59,Female,Nonactive_Injection,"$7,522.00",$289.31 ,$306.67 ,,,
Post-Naltrexone,60_64,Male,Active_Noninjection,"$7,393 ",$284.35 ,$301.41 ,,,
Post-Naltrexone,60_64,Male,Active_Injection,"$10,363.00",$398.58 ,$422.49 ,,,
Post-Naltrexone,60_64,Male,Nonactive_Noninjection,"$4,954.00",$190.54 ,$201.97 ,,,
Post-Naltrexone,60_64,Male,Nonactive_Injection,"$7,522.00",$289.31 ,$306.67 ,,,
Post-Naltrexone,60_64,Female,Active_Noninjection,"$7,393 ",$284.35 ,$301.41 ,,,
Post-Naltrexone,60_64,Female,Active_Injection,"$10,363.00",$398.58 ,$422.49 ,,,
Post-Naltrexone,60_64,Female,Nonactive_Noninjection,"$4,954.00",$190.54 ,$201.97 ,,,
Post-Naltrexone,60_64,Female,Nonactive_Injection,"$7,522.00",$289.31 ,$306.67 ,,,
Post-Naltrexone,65_69,Male,Active_Noninjection,"$7,393 ",$284.35 ,$301.41 ,,,
Post-Naltrexone,65_69,Male,Active_Injection,"$10,363.00",$398.58 ,$422.49 ,,,
Post-Naltrexone,65_69,Male,Nonactive_Noninjection,"$4,954.00",$190.54 ,$201.97 ,,,
Post-Naltrexone,65_69,Male,Nonactive_Injection,"$7,522.00",$289.31 ,$306.67 ,,,
Post-Naltrexone,65_69,Female,Active_Noninjection,"$7,393 ",$284.35 ,$301.41 ,,,
Post-Naltrexone,65_69,Female,Active_Injection,"$10,363.00",$398.58 ,$422.49 ,,,
Post-Naltrexone,65_69,Female,Nonactive_Noninjection,"$4,954.00",$190.54 ,$201.97 ,,,
Post-Naltrexone,65_69,Female,Nonactive_Injection,"$7,522.00",$289.31 ,$306.67 ,,,
Post-Naltrexone,70_74,Male,Active_Noninjection,"$7,393 ",$284.35 ,$301.41 ,,,
Post-Naltrexone,70_74,Male,Active_Injection,"$10,363.00",$398.58 ,$422.49 ,,,
Post-Naltrexone,70_74,Male,Nonactive_Noninjection,"$4,954.00",$190.54 ,$201.97 ,,,
Post-Naltrexone,70_74,Male,Nonactive_Injection,"$7,522.00",$289.31 ,$306.67 ,,,
Post-Naltrexone,70_74,Female,Active_Noninjection,"$7,393 ",$284.35 ,$301.41 ,,,
Post-Naltrexone,70_74,Female,Active_Injection,"$10,363.00",$398.58 ,$422.49 ,,,
Post-Naltrexone,70_74,Female,Nonactive_Noninjection,"$4,954.00",$190.54 ,$201.97 ,,,
Post-Naltrexone,70_74,Female,Nonactive_Injection,"$7,522.00",$289.31 ,$306.67 ,,,
Post-Naltrexone,75_79,Male,Active_Noninjection,"$7,393 ",$284.35 ,$301.41 ,,,
Post-Naltrexone,75_79,Male,Active_Injection,"$10,363.00",$398.58 ,$422.49 ,,,
Post-Naltrexone,75_79,Male,Nonactive_Noninjection,"$4,954.00",$190.54 ,$201.97 ,,,
Post-Naltrexone,75_79,Male,Nonactive_Injection,"$7,522.00",$289.31 ,$306.67 ,,,
Post-Naltrexone,75_79,Female,Active_Noninjection,"$7,393 ",$284.35 ,$301.41 ,,,
Post-Naltrexone,75_79,Female,Active_Injection,"$10,363.00",$398.58 ,$422.49 ,,,
Post-Naltrexone,75_79,Female,Nonactive_Noninjection,"$4,954.00",$190.54 ,$201.97 ,,,
Post-Naltrexone,75_79,Female,Nonactive_Injection,"$7,522.00",$289.31 ,$306.67 ,,,
Post-Naltrexone,80_84,Male,Active_Noninjection,"$7,393 ",$284.35 ,$301.41 ,,,
Post-Naltrexone,80_84,Male,Active_Injection,"$10,363.00",$398.58 ,$422.49 ,,,
Post-Naltrexone,80_84,Male,Nonactive_Noninjection,"$4,954.00",$190.54 ,$201.97 ,,,
Post-Naltrexone,80_84,Male,Nonactive_Injection,"$7,522.00",$289.31 ,$306.67 ,,,
Post-Naltrexone,80_84,Female,Active_Noninjection,"$7,393 ",$284.35 ,$301.41 ,,,
Post-Naltrexone,80_84,Female,Active_Injection,"$10,363.00",$398.58 ,$422.49 ,,,
Post-Naltrexone,80_84,Female,Nonactive_Noninjection,"$4,954.00",$190.54 ,$201.97 ,,,
Post-Naltrexone,80_84,Female,Nonactive_Injection,"$7,522.00",$289.31 ,$306.67 ,,,
Post-Naltrexone,85_89,Male,Active_Noninjection,"$7,393 ",$284.35 ,$301.41 ,,,
Post-Naltrexone,85_89,Male,Active_Injection,"$10,363.00",$398.58 ,$422.49 ,,,
Post-Naltrexone,85_89,Male,Nonactive_Noninjection,"$4,954.00",$190.54 ,$201.97 ,,,
Post-Naltrexone,85_89,Male,Nonactive_Injection,"$7,522.00",$289.31 ,$306.67 ,,,
Post-Naltrexone,85_89,Female,Active_Noninjection,"$7,393 ",$284.35 ,$301.41 ,,,
Post-Naltrexone,85_89,Female,Active_Injection,"$10,363.00",$398.58 ,$422.49 ,,,
Post-Naltrexone,85_89,Female,Nonactive_Noninjection,"$4,954.00",$190.54 ,$201.97 ,,,
Post-Naltrexone,85_89,Female,Nonactive_Injection,"$7,522.00",$289.31 ,$306.67 ,,,
Post-Naltrexone,90_94,Male,Active_Noninjection,"$7,393 ",$284.35 ,$301.41 ,,,
Post-Naltrexone,90_94,Male,Active_Injection,"$10,363.00",$398.58 ,$422.49 ,,,
Post-Naltrexone,90_94,Male,Nonactive_Noninjection,"$4,954.00",$190.54 ,$201.97 ,,,
Post-Naltrexone,90_94,Male,Nonactive_Injection,"$7,522.00",$289.31 ,$306.67 ,,,
Post-Naltrexone,90_94,Female,Active_Noninjection,"$7,393 ",$284.35 ,$301.41 ,,,
Post-Naltrexone,90_94,Female,Active_Injection,"$10,363.00",$398.58 ,$422.49 ,,,
Post-Naltrexone,90_94,Female,Nonactive_Noninjection,"$4,954.00",$190.54 ,$201.97 ,,,
Post-Naltrexone,90_94,Female,Nonactive_Injection,"$7,522.00",$289.31 ,$306.67 ,,,
Post-Naltrexone,95_99,Male,Active_Noninjection,"$7,393 ",$284.35 ,$301.41 ,,,
Post-Naltrexone,95_99,Male,Active_Injection,"$10,363.00",$398.58 ,$422.49 ,,,
Post-Naltrexone,95_99,Male,Nonactive_Noninjection,"$4,954.00",$190.54 ,$201.97 ,,,
Post-Naltrexone,95_99,Male,Nonactive_Injection,"$7,522.00",$289.31 ,$306.67 ,,,
Post-Naltrexone,95_99,Female,Active_Noninjection,"$7,393 ",$284.35 ,$301.41 ,,,
Post-Naltrexone,95_99,Female,Active_Injection,"$10,363.00",$398.58 ,$422.49 ,,,
Post-Naltrexone,95_99,Female,Nonactive_Noninjection,"$4,954.00",$190.54 ,$201.97 ,,,
Post-Naltrexone,95_99,Female,Nonactive_Injection,"$7,522.00",$289.31 ,$306.67 ,,,
Post-Methadone,10_14,Male,Active_Noninjection,"$5,958 ",$229.15 ,$242.90 ,,,
Post-Methadone,10_14,Male,Active_Injection,"$8,731.00",$335.81 ,$355.96 ,,,
Post-Methadone,10_14,Male,Nonactive_Noninjection,"$3,979.00",$153.04 ,$162.22 ,,,
Post-Methadone,10_14,Male,Nonactive_Injection,"$6,380.00",$245.38 ,$260.11 ,,,
Post-Methadone,10_14,Female,Active_Noninjection,"$5,958 ",$229.15 ,$242.90 ,,,
Post-Methadone,10_14,Female,Active_Injection,"$8,731.00",$335.81 ,$355.96 ,,,
Post-Methadone,10_14,Female,Nonactive_Noninjection,"$3,979.00",$153.04 ,$162.22 ,,,
Post-Methadone,10_14,Female,Nonactive_Injection,"$6,380.00",$245.38 ,$260.11 ,,,
Post-Methadone,15_19,Male,Active_Noninjection,"$5,958 ",$229.15 ,$242.90 ,,,
Post-Methadone,15_19,Male,Active_Injection,"$8,731.00",$335.81 ,$355.96 ,,,
Post-Methadone,15_19,Male,Nonactive_Noninjection,"$3,979.00",$153.04 ,$162.22 ,,,
Post-Methadone,15_19,Male,Nonactive_Injection,"$6,380.00",$245.38 ,$260.11 ,,,
Post-Methadone,15_19,Female,Active_Noninjection,"$5,958 ",$229.15 ,$242.90 ,,,
Post-Methadone,15_19,Female,Active_Injection,"$8,731.00",$335.81 ,$355.96 ,,,
Post-Methadone,15_19,Female,Nonactive_Noninjection,"$3,979.00",$153.04 ,$162.22 ,,,
Post-Methadone,15_19,Female,Nonactive_Injection,"$6,380.00",$245.38 ,$260.11 ,,,
Post-Methadone,20_24,Male,Active_Noninjection,"$5,958 ",$229.15 ,$242.90 ,,,
Post-Methadone,20_24,Male,Active_Injection,"$8,731.00",$335.81 ,$355.96 ,,,
Post-Methadone,20_24,Male,Nonactive_Noninjection,"$3,979.00",$153.04 ,$162.22 ,,,
Post-Methadone,20_24,Male,Nonactive_Injection,"$6,380.00",$245.38 ,$260.11 ,,,
Post-Methadone,20_24,Female,Active_Noninjection,"$5,958 ",$229.15 ,$242.90 ,,,
Post-Methadone,20_24,Female,Active_Injection,"$8,731.00",$335.81 ,$355.96 ,,,
Post-Methadone,20_24,Female,Nonactive_Noninjection,"$3,979.00",$153.04 ,$162.22 ,,,
Post-Methadone,20_24,Female,Nonactive_Injection,"$6,380.00",$245.38 ,$260.11 ,,,
Post-Methadone,25_29,Male,Active_Noninjection,"$8,829 ",$339.58 ,$359.95 ,,,
Post-Methadone,25_29,Male,Active_Injection,"$12,174.00",$468.23 ,$496.32 ,,,
Post-Methadone,25_29,Male,Nonactive_Noninjection,"$6,207.00",$238.73 ,$253.05 ,,,
Post-Methadone,25_29,Male,Nonactive_Injection,"$9,174.00",$352.85 ,$374.02 ,,,
Post-Methadone,25_29,Female,Active_Noninjection,"$8,829 ",$339.58 ,$359.95 ,,,
Post-Methadone,25_29,Female,Active_Injection,"$12,174.00",$468.23 ,$496.32 ,,,
Post-Methadone,25_29,Female,Nonactive_Noninjection,"$6,207.00",$238.73 ,$253.05 ,,,
Post-Methadone,25_29,Female,Nonactive_Injection,"$9,174.00",$352.85 ,$374.02 ,,,
Post-Methadone,30_34,Male,Active_Noninjection,"$8,829 ",$339.58 ,$359.95 ,,,
Post-Methadone,30_34,Male,Active_Injection,"$12,174.00",$468.23 ,$496.32 ,,,
Post-Methadone,30_34,Male,Nonactive_Noninjection,"$6,207.00",$238.73 ,$253.05 ,,,
Post-Methadone,30_34,Male,Nonactive_Injection,"$9,174.00",$352.85 ,$374.02 ,,,
Post-Methadone,30_34,Female,Active_Noninjection,"$8,829 ",$339.58 ,$359.95 ,,,
Post-Methadone,30_34,Female,Active_Injection,"$12,174.00",$468.23 ,$496.32 ,,,
Post-Methadone,30_34,Female,Nonactive_Noninjection,"$6,207.00",$238.73 ,$253.05 ,,,
Post-Methadone,30_34,Female,Nonactive_Injection,"$9,174.00",$352.85 ,$374.02 ,,,
Post-Methadone,35_39,Male,Active_Noninjection,"$8,829 ",$339.58 ,$359.95 ,,,
Post-Methadone,35_39,Male,Active_Injection,"$12,174.00",$468.23 ,$496.32 ,,,
Post-Methadone,35_39,Male,Nonactive_Noninjection,"$6,207.00",$238.73 ,$253.05 ,,,
Post-Methadone,35_39,Male,Nonactive_Injection,"$9,174.00",$352.85 ,$374.02 ,,,
Post-Methadone,35_39,Female,Active_Noninjection,"$8,829 ",$339.58 ,$359.95 ,,,
Post-Methadone,35_39,Female,Active_Injection,"$12,174.00",$468.23 ,$496.32 ,,,
Post-Methadone,35_39,Female,Nonactive_Noninjection,"$6,207.00",$238.73 ,$253.05 ,,,
Post-Methadone,35_39,Female,Nonactive_Injection,"$9,174.00",$352.85 ,$374.02 ,,,
Post-Methadone,40_44,Male,Active_Noninjection,"$8,829 ",$339.58 ,$359.95 ,,,
Post-Methadone,40_44,Male,Active_Injection,"$12,174.00",$468.23 ,$496.32 ,,,
Post-Methadone,40_44,Male,Nonactive_Noninjection,"$6,207.00",$238.73 ,$253.05 ,,,
Post-Methadone,40_44,Male,Nonactive_Injection,"$9,174.00",$352.85 ,$374.02 ,,,
Post-Methadone,40_44,Female,Active_Noninjection,"$8,829 ",$339.58 ,$359.95 ,,,
Post-Methadone,40_44,Female,Active_Injection,"$12,174.00",$468.23 ,$496.32 ,,,
Post-Methadone,40_44,Female,Nonactive_Noninjection,"$6,207.00",$238.73 ,$253.05 ,,,
Post-Methadone,40_44,Female,Nonactive_Injection,"$9,174.00",$352.85 ,$374.02 ,,,
Post-Methadone,45_49,Male,Active_Noninjection,"$7,393 ",$284.35 ,$301.41 ,,,
Post-Methadone,45_49,Male,Active_Injection,"$10,363.00",$398.58 ,$422.49 ,,,
Post-Methadone,45_49,Male,Nonactive_Noninjection,"$4,954.00",$190.54 ,$201.97 ,,,
Post-Methadone,45_49,Male,Nonactive_Injection,"$7,522.00",$289.31 ,$306.67 ,,,
Post-Methadone,45_49,Female,Active_Noninjection,"$7,393 ",$284.35 ,$301.41 ,,,
Post-Methadone,45_49,Female,Active_Injection,"$10,363.00",$398.58 ,$422.49 ,,,
Post-Methadone,45_49,Female,Nonactive_Noninjection,"$4,954.00",$190.54 ,$201.97 ,,,
Post-Methadone,45_49,Female,Nonactive_Injection,"$7,522.00",$289.31 ,$306.67 ,,,
Post-Methadone,50_54,Male,Active_Noninjection,"$7,393 ",$284.35 ,$301.41 ,,,
Post-Methadone,50_54,Male,Active_Injection,"$10,363.00",$398.58 ,$422.49 ,,,
Post-Methadone,50_54,Male,Nonactive_Noninjection,"$4,954.00",$190.54 ,$201.97 ,,,
Post-Methadone,50_54,Male,Nonactive_Injection,"$7,522.00",$289.31 ,$306.67 ,,,
Post-Methadone,50_54,Female,Active_Noninjection,"$7,393 ",$284.35 ,$301.41 ,,,
Post-Methadone,50_54,Female,Active_Injection,"$10,363.00",$398.58 ,$422.49 ,,,
Post-Methadone,50_54,Female,Nonactive_Noninjection,"$4,954.00",$190.54 ,$201.97 ,,,
Post-Methadone,50_54,Female,Nonactive_Injection,"$7,522.00",$289.31 ,$306.67 ,,,
Post-Methadone,55_59,Male,Active_Noninjection,"$7,393 ",$284.35 ,$301.41 ,,,
Post-Methadone,55_59,Male,Active_Injection,"$10,363.00",$398.58 ,$422.49 ,,,
Post-Methadone,55_59,Male,Nonactive_Noninjection,"$4,954.00",$190.54 ,$201.97 ,,,
Post-Methadone,55_59,Male,Nonactive_Injection,"$7,522.00",$289.31 ,$306.67 ,,,
Post-Methadone,55_59,Female,Active_Noninjection,"$7,393 ",$284.35 ,$301.41 ,,,
Post-Methadone,55_59,Female,Active_Injection,"$10,363.00",$398.58 ,$422.49 ,,,
Post-Methadone,55_59,Female,Nonactive_Noninjection,"$4,954.00",$190.54 ,$201.97 ,,,
Post-Methadone,55_59,Female,Nonactive_Injection,"$7,522.00",$289.31 ,$306.67 ,,,
Post-Methadone,60_64,Male,Active_Noninjection,"$7,393 ",$284.35 ,$301.41 ,,,
Post-Methadone,60_64,Male,Active_Injection,"$10,363.00",$398.58 ,$422.49 ,,,
Post-Methadone,60_64,Male,Nonactive_Noninjection,"$4,954.00",$190.54 ,$201.97 ,,,
Post-Methadone,60_64,Male,Nonactive_Injection,"$7,522.00",$289.31 ,$306.67 ,,,
Post-Methadone,60_64,Female,Active_Noninjection,"$7,393 ",$284.35 ,$301.41 ,,,
Post-Methadone,60_64,Female,Active_Injection,"$10,363.00",$398.58 ,$422.49 ,,,
Post-Methadone,60_64,Female,Nonactive_Noninjection,"$4,954.00",$190.54 ,$201.97 ,,,
Post-Methadone,60_64,Female,Nonactive_Injection,"$7,522.00",$289.31 ,$306.67 ,,,
Post-Methadone,65_69,Male,Active_Noninjection,"$7,393 ",$284.35 ,$301.41 ,,,
Post-Methadone,65_69,Male,Active_Injection,"$10,363.00",$398.58 ,$422.49 ,,,
Post-Methadone,65_69,Male,Nonactive_Noninjection,"$4,954.00",$190.54 ,$201.97 ,,,
Post-Methadone,65_69,Male,Nonactive_Injection,"$7,522.00",$289.31 ,$306.67 ,,,
Post-Methadone,65_69,Female,Active_Noninjection,"$7,393 ",$284.35 ,$301.41 ,,,
Post-Methadone,65_69,Female,Active_Injection,"$10,363.00",$398.58 ,$422.49 ,,,
Post-Methadone,65_69,Female,Nonactive_Noninjection,"$4,954.00",$190.54 ,$201.97 ,,,
Post-Methadone,65_69,Female,Nonactive_Injection,"$7,522.00",$289.31 ,$306.67 ,,,
Post-Methadone,70_74,Male,Active_Noninjection,"$7,393 ",$284.35 ,$301.41 ,,,
Post-Methadone,70_74,Male,Active_Injection,"$10,363.00",$398.58 ,$422.49 ,,,
Post-Methadone,70_74,Male,Nonactive_Noninjection,"$4,954.00",$190.54 ,$201.97 ,,,
Post-Methadone,70_74,Male,Nonactive_Injection,"$7,522.00",$289.31 ,$306.67 ,,,
Post-Methadone,70_74,Female,Active_Noninjection,"$7,393 ",$284.35 ,$301.41 ,,,
Post-Methadone,70_74,Female,Active_Injection,"$10,363.00",$398.58 ,$422.49 ,,,
Post-Methadone,70_74,Female,Nonactive_Noninjection,"$4,954.00",$190.54 ,$201.97 ,,,
Post-Methadone,70_74,Female,Nonactive_Injection,"$7,522.00",$289.31 ,$306.67 ,,,
Post-Methadone,75_79,Male,Active_Noninjection,"$7,393 ",$284.35 ,$301.41 ,,,
Post-Methadone,75_79,Male,Active_Injection,"$10,363.00",$398.58 ,$422.49 ,,,
Post-Methadone,75_79,Male,Nonactive_Noninjection,"$4,954.00",$190.54 ,$201.97 ,,,
Post-Methadone,75_79,Male,Nonactive_Injection,"$7,522.00",$289.31 ,$306.67 ,,,
Post-Methadone,75_79,Female,Active_Noninjection,"$7,393 ",$284.35 ,$301.41 ,,,
Post-Methadone,75_79,Female,Active_Injection,"$10,363.00",$398.58 ,$422.49 ,,,
Post-Methadone,75_79,Female,Nonactive_Noninjection,"$4,954.00",$190.54 ,$201.97 ,,,
Post-Methadone,75_79,Female,Nonactive_Injection,"$7,522.00",$289.31 ,$306.67 ,,,
Post-Methadone,80_84,Male,Active_Noninjection,"$7,393 ",$284.35 ,$301.41 ,,,
Post-Methadone,80_84,Male,Active_Injection,"$10,363.00",$398.58 ,$422.49 ,,,
Post-Methadone,80_84,Male,Nonactive_Noninjection,"$4,954.00",$190.54 ,$201.97 ,,,
Post-Methadone,80_84,Male,Nonactive_Injection,"$7,522.00",$289.31 ,$306.67 ,,,
Post-Methadone,80_84,Female,Active_Noninjection,"$7,393 ",$284.35 ,$301.41 ,,,
Post-Methadone,80_84,Female,Active_Injection,"$10,363.00",$398.58 ,$422.49 ,,,
Post-Methadone,80_84,Female,Nonactive_Noninjection,"$4,954.00",$190.54 ,$201.97 ,,,
Post-Methadone,80_84,Female,Nonactive_Injection,"$7,522.00",$289.31 ,$306.67 ,,,
Post-Methadone,85_89,Male,Active_Noninjection,"$7,393 ",$284.35 ,$301.41 ,,,
Post-Methadone,85_89,Male,Active_Injection,"$10,363.00",$398.58 ,$422.49 ,,,
Post-Methadone,85_89,Male,Nonactive_Noninjection,"$4,954.00",$190.54 ,$201.97 ,,,
Post-Methadone,85_89,Male,Nonactive_Injection,"$7,522.00",$289.31 ,$306.67 ,,,
Post-Methadone,85_89,Female,Active_Noninjection,"$7,393 ",$284.35 ,$301.41 ,,,
Post-Methadone,85_89,Female,Active_Injection,"$10,363.00",$398.58 ,$422.49 ,,,
Post-Methadone,85_89,Female,Nonactive_Noninjection,"$4,954.00",$190.54 ,$201.97 ,,,
Post-Methadone,85_89,Female,Nonactive_Injection,"$7,522.00",$289.31 ,$306.67 ,,,
Post-Methadone,90_94,Male,Active_Noninjection,"$7,393 ",$284.35 ,$301.41 ,,,
Post-Methadone,90_94,Male,Active_Injection,"$10,363.00",$398.58 ,$422.49 ,,,
Post-Methadone,90_94,Male,Nonactive_Noninjection,"$4,954.00",$190.54 ,$201.97 ,,,
Post-Methadone,90_94,Male,Nonactive_Injection,"$7,522.00",$289.31 ,$306.67 ,,,
Post-Methadone,90_94,Female,Active_Noninjection,"$7,393 ",$284.35 ,$301.41 ,,,
Post-Methadone,90_94,Female,Active_Injection,"$10,363.00",$398.58 ,$422.49 ,,,
Post-Methadone,90_94,Female,Nonactive_Noninjection,"$4,954.00",$190.54 ,$201.97 ,,,
Post-Methadone,90_94,Female,Nonactive_Injection,"$7,522.00",$289.31 ,$306.67 ,,,
Post-Methadone,95_99,Male,Active_Noninjection,"$7,393 ",$284.35 ,$301.41 ,,,
Post-Methadone,95_99,Male,Active_Injection,"$10,363.00",$398.58 ,$422.49 ,,,
Post-Methadone,95_99,Male,Nonactive_Noninjection,"$4,954.00",$190.54 ,$201.97 ,,,
Post-Methadone,95_99,Male,Nonactive_Injection,"$7,522.00",$289.31 ,$306.67 ,,,
Post-Methadone,95_99,Female,Active_Noninjection,"$7,393 ",$284.35 ,$301.41 ,,,
Post-Methadone,95_99,Female,Active_Injection,"$10,363.00",$398.58 ,$422.49 ,,,
Post-Methadone,95_99,Female,Nonactive_Noninjection,"$4,954.00",$190.54 ,$201.97 ,,,
Post-Methadone,95_99,Female,Nonactive_Injection,"$7,522.00",$289.31 ,$306.67 ,,,
Post-Detox,10_14,Male,Active_Noninjection,"$5,958 ",$229.15 ,$242.90 ,,,
Post-Detox,10_14,Male,Active_Injection,"$8,731.00",$335.81 ,$355.96 ,,,
Post-Detox,10_14,Male,Nonactive_Noninjection,"$3,979.00",$153.04 ,$162.22 ,,,
Post-Detox,10_14,Male,Nonactive_Injection,"$6,380.00",$245.38 ,$260.11 ,,,
Post-Detox,10_14,Female,Active_Noninjection,"$5,958 ",$229.15 ,$242.90 ,,,
Post-Detox,10_14,Female,Active_Injection,"$8,731.00",$335.81 ,$355.96 ,,,
Post-Detox,10_14,Female,Nonactive_Noninjection,"$3,979.00",$153.04 ,$162.22 ,,,
Post-Detox,10_14,Female,Nonactive_Injection,"$6,380.00",$245.38 ,$260.11 ,,,
Post-Detox,15_19,Male,Active_Noninjection,"$5,958 ",$229.15 ,$242.90 ,,,
Post-Detox,15_19,Male,Active_Injection,"$8,731.00",$335.81 ,$355.96 ,,,
Post-Detox,15_19,Male,Nonactive_Noninjection,"$3,979.00",$153.04 ,$162.22 ,,,
Post-Detox,15_19,Male,Nonactive_Injection,"$6,380.00",$245.38 ,$260.11 ,,,
Post-Detox,15_19,Female,Active_Noninjection,"$5,958 ",$229.15 ,$242.90 ,,,
Post-Detox,15_19,Female,Active_Injection,"$8,731.00",$335.81 ,$355.96 ,,,
Post-Detox,15_19,Female,Nonactive_Noninjection,"$3,979.00",$153.04 ,$162.22 ,,,
Post-Detox,15_19,Female,Nonactive_Injection,"$6,380.00",$245.38 ,$260.11 ,,,
Post-Detox,20_24,Male,Active_Noninjection,"$5,958 ",$229.15 ,$242.90 ,,,
Post-Detox,20_24,Male,Active_Injection,"$8,731.00",$335.81 ,$355.96 ,,,
Post-Detox,20_24,Male,Nonactive_Noninjection,"$3,979.00",$153.04 ,$162.22 ,,,
Post-Detox,20_24,Male,Nonactive_Injection,"$6,380.00",$245.38 ,$260.11 ,,,
Post-Detox,20_24,Female,Active_Noninjection,"$5,958 ",$229.15 ,$242.90 ,,,
Post-Detox,20_24,Female,Active_Injection,"$8,731.00",$335.81 ,$355.96 ,,,
Post-Detox,20_24,Female,Nonactive_Noninjection,"$3,979.00",$153.04 ,$162.22 ,,,
Post-Detox,20_24,Female,Nonactive_Injection,"$6,380.00",$245.38 ,$260.11 ,,,
Post-Detox,25_29,Male,Active_Noninjection,"$8,829 ",$339.58 ,$359.95 ,,,
Post-Detox,25_29,Male,Active_Injection,"$12,174.00",$468.23 ,$496.32 ,,,
Post-Detox,25_29,Male,Nonactive_Noninjection,"$6,207.00",$238.73 ,$253.05 ,,,
Post-Detox,25_29,Male,Nonactive_Injection,"$9,174.00",$352.85 ,$374.02 ,,,
Post-Detox,25_29,Female,Active_Noninjection,"$8,829 ",$339.58 ,$359.95 ,,,
Post-Detox,25_29,Female,Active_Injection,"$12,174.00",$468.23 ,$496.32 ,,,
Post-Detox,25_29,Female,Nonactive_Noninjection,"$6,207.00",$238.73 ,$253.05 ,,,
Post-Detox,25_29,Female,Nonactive_Injection,"$9,174.00",$352.85 ,$374.02 ,,,
Post-Detox,30_34,Male,Active_Noninjection,"$8,829 ",$339.58 ,$359.95 ,,,
Post-Detox,30_34,Male,Active_Injection,"$12,174.00",$468.23 ,$496.32 ,,,
Post-Detox,30_34,Male,Nonactive_Noninjection,"$6,207.00",$238.73 ,$253.05 ,,,
Post-Detox,30_34,Male,Nonactive_Injection,"$9,174.00",$352.85 ,$374.02 ,,,
Post-Detox,30_34,Female,Active_Noninjection,"$8,829 ",$339.58 ,$359.95 ,,,
Post-Detox,30_34,Female,Active_Injection,"$12,174.00",$468.23 ,$496.32 ,,,
Post-Detox,30_34,Female,Nonactive_Noninjection,"$6,207.00",$238.73 ,$253.05 ,,,
Post-Detox,30_34,Female,Nonactive_Injection,"$9,174.00",$352.85 ,$374.02 ,,,
Post-Detox,35_39,Male,Active_Noninjection,"$8,829 ",$339.58 ,$359.95 ,,,
Post-Detox,35_39,Male,Active_Injection,"$12,174.00",$468.23 ,$496.32 ,,,
Post-Detox,35_39,Male,Nonactive_Noninjection,"$6,207.00",$238.73 ,$253.05 ,,,
Post-Detox,35_39,Male,Nonactive_Injection,"$9,174.00",$352.85 ,$374.02 ,,,
Post-Detox,35_39,Female,Active_Noninjection,"$8,829 ",$339.58 ,$359.95 ,,,
Post-Detox,35_39,Female,Active_Injection,"$12,174.00",$468.23 ,$496.32 ,,,
Post-Detox,35_39,Female,Nonactive_Noninjection,"$6,207.00",$238.73 ,$253.05 ,,,
Post-Detox,35_39,Female,Nonactive_Injection,"$9,174.00",$352.85 ,$374.02 ,,,
Post-Detox,40_44,Male,Active_Noninjection,"$8,829 ",$339.58 ,$359.95 ,,,
Post-Detox,40_44,Male,Active_Injection,"$12,174.00",$468.23 ,$496.32 ,,,
Post-Detox,40_44,Male,Nonactive_Noninjection,"$6,207.00",$238.73 ,$253.05 ,,,
Post-Detox,40_44,Male,Nonactive_Injection,"$9,174.00",$352.85 ,$374.02 ,,,
Post-Detox,40_44,Female,Active_Noninjection,"$8,829 ",$339.58 ,$359.95 ,,,
Post-Detox,40_44,Female,Active_Injection,"$12,174.00",$468.23 ,$496.32 ,,,
Post-Detox,40_44,Female,Nonactive_Noninjection,"$6,207.00",$238.73 ,$253.05 ,,,
Post-Detox,40_44,Female,Nonactive_Injection,"$9,174.00",$352.85 ,$374.02 ,,,
Post-Detox,45_49,Male,Active_Noninjection,"$7,393 ",$284.35 ,$301.41 ,,,
Post-Detox,45_49,Male,Active_Injection,"$10,363.00",$398.58 ,$422.49 ,,,
Post-Detox,45_49,Male,Nonactive_Noninjection,"$4,954.00",$190.54 ,$201.97 ,,,
Post-Detox,45_49,Male,Nonactive_Injection,"$7,522.00",$289.31 ,$306.67 ,,,
Post-Detox,45_49,Female,Active_Noninjection,"$7,393 ",$284.35 ,$301.41 ,,,
Post-Detox,45_49,Female,Active_Injection,"$10,363.00",$398.58 ,$422.49 ,,,
Post-Detox,45_49,Female,Nonactive_Noninjection,"$4,954.00",$190.54 ,$201.97 ,,,
Post-Detox,45_49,Female,Nonactive_Injection,"$7,522.00",$289.31 ,$306.67 ,,,
Post-Detox,50_54,Male,Active_Noninjection,"$7,393 ",$284.35 ,$301.41 ,,,
Post-Detox,50_54,Male,Active_Injection,"$10,363.00",$398.58 ,$422.49 ,,,
Post-Detox,50_54,Male,Nonactive_Noninjection,"$4,954.00",$190.54 ,$201.97 ,,,
Post-Detox,50_54,Male,Nonactive_Injection,"$7,522.00",$289.31 ,$306.67 ,,,
Post-Detox,50_54,Female,Active_Noninjection,"$7,393 ",$284.35 ,$301.41 ,,,
Post-Detox,50_54,Female,Active_Injection,"$10,363.00",$398.58 ,$422.49 ,,,
Post-Detox,50_54,Female,Nonactive_Noninjection,"$4,954.00",$190.54 ,$201.97 ,,,
Post-Detox,50_54,Female,Nonactive_Injection,"$7,522.00",$289.31 ,$306.67 ,,,
Post-Detox,55_59,Male,Active_Noninjection,"$7,393 ",$284.35 ,$301.41 ,,,
Post-Detox,55_59,Male,Active_Injection,"$10,363.00",$398.58 ,$422.49 ,,,
Post-Detox,55_59,Male,Nonactive_Noninjection,"$4,954.00",$190.54 ,$201.97 ,,,
Post-Detox,55_59,Male,Nonactive_Injection,"$7,522.00",$289.31 ,$306.67 ,,,
Post-Detox,55_59,Female,Active_Noninjection,"$7,393 ",$284.35 ,$301.41 ,,,
Post-Detox,55_59,Female,Active_Injection,"$10,363.00",$398.58 ,$422.49 ,,,
Post-Detox,55_59,Female,Nonactive_Noninjection,"$4,954.00",$190.54 ,$201.97 ,,,
Post-Detox,55_59,Female,Nonactive_Injection,"$7,522.00",$289.31 ,$306.67 ,,,
Post-Detox,60_64,Male,Active_Noninjection,"$7,393 ",$284.35 ,$301.41 ,,,
Post-Detox,60_64,Male,Active_Injection,"$10,363.00",$398.58 ,$422.49 ,,,
Post-Detox,60_64,Male,Nonactive_Noninjection,"$4,954.00",$190.54 ,$201.97 ,,,
Post-Detox,60_64,Male,Nonactive_Injection,"$7,522.00",$289.31 ,$306.67 ,,,
Post-Detox,60_64,Female,Active_Noninjection,"$7,393 ",$284.35 ,$301.41 ,,,
Post-Detox,60_64,Female,Active_Injection,"$10,363.00",$398.58 ,$422.49 ,,,
Post-Detox,60_64,Female,Nonactive_Noninjection,"$4,954.00",$190.54 ,$201.97 ,,,
Post-Detox,60_64,Female,Nonactive_Injection,"$7,522.00",$289.31 ,$306.67 ,,,
Post-Detox,65_69,Male,Active_Noninjection,"$7,393 ",$284.35 ,$301.41 ,,,
Post-Detox,65_69,Male,Active_Injection,"$10,363.00",$398.58 ,$422.49 ,,,
Post-Detox,65_69,Male,Nonactive_Noninjection,"$4,954.00",$190.54 ,$201.97 ,,,
Post-Detox,65_69,Male,Nonactive_Injection,"$7,522.00",$289.31 ,$306.67 ,,,
Post-Detox,65_69,Female,Active_Noninjection,"$7,393 ",$284.35 ,$301.41 ,,,
Post-Detox,65_69,Female,Active_Injection,"$10,363.00",$398.58 ,$422.49 ,,,
Post-Detox,65_69,Female,Nonactive_Noninjection,"$4,954.00",$190.54 ,$201.97 ,,,
Post-Detox,65_69,Female,Nonactive_Injection,"$7,522.00",$289.31 ,$306.67 ,,,
Post-Detox,70_74,Male,Active_Noninjection,"$7,393 ",$284.35 ,$301.41 ,,,
Post-Detox,70_74,Male,Active_Injection,"$10,363.00",$398.58 ,$422.49 ,,,
Post-Detox,70_74,Male,Nonactive_Noninjection,"$4,954.00",$190.54 ,$201.97 ,,,
Post-Detox,70_74,Male,Nonactive_Injection,"$7,522.00",$289.31 ,$306.67 ,,,
Post-Detox,70_74,Female,Active_Noninjection,"$7,393 ",$284.35 ,$301.41 ,,,
Post-Detox,70_74,Female,Active_Injection,"$10,363.00",$398.58 ,$422.49 ,,,
Post-Detox,70_74,Female,Nonactive_Noninjection,"$4,954.00",$190.54 ,$201.97 ,,,
Post-Detox,70_74,Female,Nonactive_Injection,"$7,522.00",$289.31 ,$306.67 ,,,
Post-Detox,75_79,Male,Active_Noninjection,"$7,393 ",$284.35 ,$301.41 ,,,
Post-Detox,75_79,Male,Active_Injection,"$10,363.00",$398.58 ,$422.49 ,,,
Post-Detox,75_79,Male,Nonactive_Noninjection,"$4,954.00",$190.54 ,$201.97 ,,,
Post-Detox,75_79,Male,Nonactive_Injection,"$7,522.00",$289.31 ,$306.67 ,,,
Post-Detox,75_79,Female,Active_Noninjection,"$7,393 ",$284.35 ,$301.41 ,,,
Post-Detox,75_79,Female,Active_Injection,"$10,363.00",$398.58 ,$422.49 ,,,
Post-Detox,75_79,Female,Nonactive_Noninjection,"$4,954.00",$190.54 ,$201.97 ,,,
Post-Detox,75_79,Female,Nonactive_Injection,"$7,522.00",$289.31 ,$306.67 ,,,
Post-Detox,80_84,Male,Active_Noninjection,"$7,393 ",$284.35 ,$301.41 ,,,
Post-Detox,80_84,Male,Active_Injection,"$10,363.00",$398.58 ,$422.49 ,,,
Post-Detox,80_84,Male,Nonactive_Noninjection,"$4,954.00",$190.54 ,$201.97 ,,,
Post-Detox,80_84,Male,Nonactive_Injection,"$7,522.00",$289.31 ,$306.67 ,,,
Post-Detox,80_84,Female,Active_Noninjection,"$7,393 ",$284.35 ,$301.41 ,,,
Post-Detox,80_84,Female,Active_Injection,"$10,363.00",$398.58 ,$422.49 ,,,
Post-Detox,80_84,Female,Nonactive_Noninjection,"$4,954.00",$190.54 ,$201.97 ,,,
Post-Detox,80_84,Female,Nonactive_Injection,"$7,522.00",$289.31 ,$306.67 ,,,
Post-Detox,85_89,Male,Active_Noninjection,"$7,393 ",$284.35 ,$301.41 ,,,
Post-Detox,85_89,Male,Active_Injection,"$10,363.00",$398.58 ,$422.49 ,,,
Post-Detox,85_89,Male,Nonactive_Noninjection,"$4,954.00",$190.54 ,$201.97 ,,,
Post-Detox,85_89,Male,Nonactive_Injection,"$7,522.00",$289.31 ,$306.67 ,,,
Post-Detox,85_89,Female,Active_Noninjection,"$7,393 ",$284.35 ,$301.41 ,,,
Post-Detox,85_89,Female,Active_Injection,"$10,363.00",$398.58 ,$422.49 ,,,
Post-Detox,85_89,Female,Nonactive_Noninjection,"$4,954.00",$190.54 ,$201.97 ,,,
Post-Detox,85_89,Female,Nonactive_Injection,"$7,522.00",$289.31 ,$306.67 ,,,
Post-Detox,90_94,Male,Active_Noninjection,"$7,393 ",$284.35 ,$301.41 ,,,
Post-Detox,90_94,Male,Active_Injection,"$10,363.00",$398.58 ,$422.49 ,,,
Post-Detox,90_94,Male,Nonactive_Noninjection,"$4,954.00",$190.54 ,$201.97 ,,,
Post-Detox,90_94,Male,Nonactive_Injection,"$7,522.00",$289.31 ,$306.67 ,,,
Post-Detox,90_94,Female,Active_Noninjection,"$7,393 ",$284.35 ,$301.41 ,,,
Post-Detox,90_94,Female,Active_Injection,"$10,363.00",$398.58 ,$422.49 ,,,
Post-Detox,90_94,Female,Nonactive_Noninjection,"$4,954.00",$190.54 ,$201.97 ,,,
Post-Detox,90_94,Female,Nonactive_Injection,"$7,522.00",$289.31 ,$306.67 ,,,
Post-Detox,95_99,Male,Active_Noninjection,"$7,393 ",$284.35 ,$301.41 ,,,
Post-Detox,95_99,Male,Active_Injection,"$10,363.00",$398.58 ,$422.49 ,,,
Post-Detox,95_99,Male,Nonactive_Noninjection,"$4,954.00",$190.54 ,$201.97 ,,,
Post-Detox,95_99,Male,Nonactive_Injection,"$7,522.00",$289.31 ,$306.67 ,,,
Post-Detox,95_99,Female,Active_Noninjection,"$7,393 ",$284.35 ,$301.41 ,,,
Post-Detox,95_99,Female,Active_Injection,"$10,363.00",$398.58 ,$422.49 ,,,
Post-Detox,95_99,Female,Nonactive_Noninjection,"$4,954.00",$190.54 ,$201.97 ,,,
Post-Detox,95_99,Female,Nonactive_Injection,"$7,522.00",$289.31 ,$306.67 ,,,
